ROW,NARRATIVE,GOLDEN_LABEL
15000,"IN ACCORDANCE WITH THE FAIR CREDIT REPORTING ACT. THE LIST OF ACCOUNTS BELOW HAS VIOLATED MY FEDERALLY PROTECTED CONSUMER RIGHTS TO PRIVACY AND CONFIDENTIALITY UNDER 15 USC 1681. 

I TOLD XXXX, TRANSUNION, AND XXXX TO REINVESTIGATE THESE ACCOUNTS : ACCOUNT NAME : XXXX XXXX ACCOUNT NAME : XXXX XXXX XXXX ACCOUNT NAME : XXXX XXXX. HOWEVER, THEY STATED EVERYTHING WAS COMPLETED ACCURATE. BUT HOW IS THAT POSSIBLE IF THE OPEN DATE, DATE OF LAST ACTIVITY AND MUCH MORE IS INCORRECT. ACCORDING TO 15 USC 1681I ( 5 ), THEY ARE SUPPOSED TO MODIFY ACCOUNTS THAT ARENT REPORTED CORRECTLY.

15 U.S.C. 1681S-2 ( A ) ( 1 ) A PERSON SHALL NOT FURNISH ANY INFORMATION RELATING TO A CONSUMER TO ANY CONSUMER REPORTING AGENCY IF THE PERSON KNOWS OR HAS REASONABLE CAUSE TO BELIEVE THAT INFORMATION IS INACCURATE.",CREDIT REPORTING
15001,"IN ACCORDANCE WITH THE FAIR CREDIT REPORTING EVERYTHING HAS TO BE 100 % ACCURATE ON MY CREDIT REPORT. 

THE CREDIT BUREAUS STATED MY ACCOUNT XXXX XXXX XXXX WAS PROPERLY INVESTIGATED BUT HOW IS THAT POSSIBLE IF THE OPEN DATE IS INACCURATE, THE DATE LAST ACTIVE IS INACCURATE, AND DATE LAST REPORTED IS NOT ACCURATE. 

THIS GROUND FOR REMOVAL THEY ALSO VIOLATED MY RIGHTS UNDER 15 U.S.C 1681 SECTION 602 A. STATES I HAVE THE RIGHT TO PRIVACY.

15 U.S.C 1681 SECTION 604 A SECTION 2 : IT ALSO STATES A CONSUMER REPORTING AGENCY CAN NOT FURNISH A ACCOUNT WITHOUT MY WRITTEN INSTRUCTIONS.",CREDIT REPORTING
15002,"I AM BEING EXTORTED BY AN UNKNOWN PERSON TEXTING ME FROM A NUMBER XXXX. THEY ASKED ME TO SEND THEM MONEY. FIRST A TRANSACTION ON PAYPAL FOR {$100.00}, THEN ANOTHER ON XXXX FOR {$500.00}, AND ANOTHER ON PAYPAL FOR {$500.00}.",MONEY TRANSFER OR SERVICE
15003,"MY CASHAPP ACCOUNT I HAD BEEN USING FOR GENERAL, EVERYDAY PURPOSES ( MOSTLY ONLINE SHOPPING TO AVOID USING MY DEBIT CARD NUMBERS ONLINE ), WAS ABRUPTLY CLOSED BY CASHAPP WITH XXXX EXPLANATION PROVIDED TO ME OTHER THAN IT HAD BEEN LINKED WITH AN ACCOUNT THAT DEMONSTRATED BEHAVIOR THAT VIOLATED THEIR TERMS AND CONDITIONS. I TRIED TO APPEAL THE DECISION MULTIPLE TIMES, NO ONE EVER RESPONDED. I ASKED FOR SPECIFIC INFORMATION ABOUT WHAT I HAD SUPPOSEDLY DONE TO VIOLATE ANY TERMS OR CONDITIONS OF MY ACCOUNT AGREEMENT, BUT WAS ALWAYS TOLD THEY CANT PROVIDE ME SPECIFICS ABOUT MY ACCOUNT DUE TO THE SPECIALIZED TEAM THAT NEEDED TO INVESTIGATE IT. NOTHING WAS EVER DONE. AND NO ANSWERS OR APPEALS WERE EVER ACTUALLY PROVIDED AS PROMISED.",MONEY TRANSFER OR SERVICE
15004,I SEND A 1099-A 1099-C 1099-OLD I CALL THEM IN XX/XX/2023 THEY SAID THEY HAD NOT RECEIVED IT YET AND WHEN IT COME THE WILL BE SEND ME MY TITLE TO MY CAR THAT NEVER HAPPENED ON LAST MONDAY THEY CALL MY DAD AND SAID THEY WAS LOOKING FOR MY CAR SO I CALL THEM THEY SAID THEY NEVER RECEIVED THE INFO SO I TOLD THEM THEY HAVE A BILLING ERROR THEY SAID THEY DIDNT KNOW WHAT A BILLING ERROR WAS THIS IS WHAT I SEND TO THEM ITS NOT LETTING ME SEND FORMS SO THEY ARE IN THE MAIL,CONSUMER LOAN
15005,"I WENT TO XXXX LOCATED AT XXXX XXXX XXXX, XXXX, FLORIDA XXXX TO WIRE A {$320.00} PAYMENTS MONEY THROUGH WESTERN UNION TO XXXXXXXX XXXX XXXX XXXX XXXXXXXX ON XX/XX/2024. WESTER UNION XXXX # XXXX XXXX XXXX ALLEGED THEY NEVER RECEIVED PAYMENT FROM WESTER UNION AND FAILED TO POST PAYMENT TO MY ACCOUNT. 

WESTERN UNION CHARGES AND WAS PAID FOR A TIMELY SERVICE THAT WAS NOT RENDERED. FOR ALMOST TWO WEEKS XXXX XXXX ALLEGED THEY DID NOT RECEIVE MY PAYMENT FROM WESTERN UNION. XXXX XXXX DID NOT POST THE PAYMENT TO MY ACCOUNT UNTIL XX/XX/2024 ; AFTER I REPORTED BOTH, XXXX  XXXX AND WESTERN UNION TO THE FLORIDA ATTORNEY GENERALS OFFICE. 
. 
I DO NOT KNOW WHICH COMPANY CAUSED THIS UNFAIR AND DECEPTIVE DILEMA, FINANCIAL HARDSHIP, DENIAL IF ACCESS TO MEDICAL CARE/MEDICATION, DISAPPOINTMENT, STRESS, XXXX, AND VICTIMIZATION UPON MY FAMILY, BUT AN INVESTIGATION, EXPOSURE, AND AUDIT IS NEEDED. IT APPEARS BUSINESSES PRACTICING IN THE STATE OF FLORIDA HAVE BEEN GIVEN A PASS TO COMMIT BUSINESS CRIMES AGAINST CONSUMERS BLATANTLY, CONTINUOUSLY, AND WITHOUT ACCOUNTABILITY.",MONEY TRANSFER OR SERVICE
15006,"AIDVANTAGE POSTED MY FULL STUDENT LOAN REPAYMENT IN XX/XX/2024 TOTALING {$28000.00} BUT MY PAYMENT THROUGH MY BANK WAS {$33000.00}. I HAVE TRIED CONTACTING THEM SEVERAL TIMES AND GOT CONFIRMATION FROM XXXX XXXX AT AIDVANTAGE THAT {$5000.00} IS OWED TO ME BACK. 
I HAVE SENT AIDVANTAGE MY BANK STATEMENTS TWICE.",CONSUMER LOAN
15007,"ON XX/XX/22, I PAID OFF MY APPLE CARD BALANCE OF {$1600.00}. HOWEVER, FOR SOME REASON THE DEFAULT BANK ACCOUNT WAS A VERY OLD, CLOSED, DEFUNCT ACCOUNT. I RECOGNIZED THIS IMMEDIATELY AND CONTACTED THE CREDIT CARD ISSUER ( APPLE CARD/GOLDMAN SACHS ) TO CANCEL THE PAYMENT. I WAS TOLD THE PAYMENT SIMPLY WOULD NOT GO THROUGH. THE SAME XXXX THE PAYMENT WAS DECLINED AS EXPECTED, SO I PAID THE BALANCE ( {$1600.00} PLUS SOME ADDITIONAL CHARGES I HAD ACCRUED ) OF {$1700.00} USING THE CORRECT BANK ACCOUNT, THE SAME DAY ( XX/XX/22 ). 

THIS PAYMENT POSTED CORRECTLY AND MY BALANCE WAS PAID OFF. HOWEVER, A XXXX XXXX LATER ON XX/XX/22, I WAS GIVEN A "" XXXX XXXX '' ON MY APPLE CARD FOR {$1600.00}. I HAVE CHATTED WITH MORE THAN XXXX SPECIALISTS WITH GOLDMAN SACHS/APPLE CARD AT THIS POINT, AND THEY GENERALLY TOLD ME IT IS AN ERROR AND THEY WOULD FILE A DISPUTE. HOWEVER, THE DISPUTE HAS EITHER BEEN REJECTED OR NOT RESOLVED FOR THE PAST FEW WEEKS. I GOT A CALL FROM A XXXX TODAY WHO STATED THAT FOR SOME REASON, THEY REFUNDED THE DECLINED {$1600.00} TO THE DEFUNCT/CLOSED BANK ACCOUNT, AND THEY ISSUED THE XXXX XXXX BECAUSE I SOMEHOW OWE THIS MONEY DESPITE NEVER HAVING TOUCHED THAT MONEY ( WHICH IS IMPOSSIBLE SINCE THE BANK ACCOUNT WAS CLOSED ). I HAVE CHECKED MY ACTIVE BANK ACCOUNTS AND HAVEN'T FOUND ANY EVIDENCE OF THIS "" REFUND. '' THE XXXX TOLD ME THAT I WOULD HAVE TO CALL THIS BANK ( WHICH I NO LONGER HAVE ANY ACTIVE ACCOUNTS OR RELATIONSHIP WITH ) AND ASK THEM TO SOMEHOW PROVIDE PROOF THAT A NONEXISTENT BANK ACCOUNT IS INDEED NONEXISTENT. UNFORTUNATELY, I CAN NOT GET THROUGH THEIR AUTOMATED SYSTEMS AND WHEN I LOG IN TO THE BANK 'S SITE, IT SHOWS THAT I HAVE NO ACTIVE ACCOUNTS WITH THIS BANK.",CREDIT CARD
15008,"ON XX/XX/YEAR>, I FORMALLY REVOKED ACH AUTHORIZATION FOR DAVE INC. TO WITHDRAW FUNDS FROM MY CHECKING ACCOUNT ENDING IN XXXX. DESPITE THIS, DAVE CONTINUED TO DEBIT MY ACCOUNT MULTIPLE TIMES BETWEEN XXXX XXXX XXXX TOTALING OVER {$140.00}. THE CHARGES INCLUDE TRANSACTIONS OF {$70.00}, {$45.00}, {$15.00}, {$10.00}, AND {$5.00}. 

I CONTACTED MY BANK AND REQUESTED A STOP PAYMENT, BUT DAVE INC. BYPASSED IT BY VARYING TRANSACTION AMOUNTS AND MERCHANT CODES. I ALSO MESSAGED DAVE SUPPORT DIRECTLY, CLEARLY REVOKING AUTHORIZATION AND REQUESTING NO FURTHER WITHDRAWALS. I DID NOT REAUTHORIZE ANY OF THE CHARGES. 

THESE ARE UNAUTHORIZED DEBITS AND VIOLATE THE ELECTRONIC FUNDS TRANSFER ACT ( EFTA ), WHICH GIVES CONSUMERS THE RIGHT TO REVOKE RECURRING PAYMENT PERMISSIONS. I AM REQUESTING A FULL REFUND OF THE WITHDRAWN FUNDS AND ENFORCEMENT OF THE REVOKED AUTHORIZATION.",BANK ACCOUNT OR SERVICE
15009,MY CHECKING ACCOUNT WAS CLOSED TWICE FOR OVERDRAFT THAT I WASNT COMMITTING AND NAVY FEDERAL KEPT REISSUING ME DEBIT CARDS I DIDNT ASK FOR SO WHEN I WENT TO FIX IT MY CHECK OFF XXXX DOLLARS WAS TAKEN I REACHED OUT TO THE ONLINE AGENTS AND CONTINUOUSLY TRIED TO GET SOME UNDERSTANDING AND GET MY ISSUES RESOLVED THEY ONLY ERASED MY MESSAGES I SENT DIRECT AND CLOSED OUT MY CASE NUMEROUS OF TIMES,BANK ACCOUNT OR SERVICE
15010,XACTUS LLC HAS CONDUCTED AN INQUIRY OF MY CREDIT RESULTING IN A HARD CREDIT INQUIRY. I HAVE NO KNOWLEDGE OF THIS COMPANY AND HAVE NOT CONSENTED FOR THEM TO REVIEW MY CREDIT. IT IS DAMAGING MY CREDIT SCORES.,CREDIT REPORTING
15011,"I WAS MISLED INTO APPLYING FOR A CREDIT CARD WHILE SHOPPING AT XXXX. THE EMPLOYEE MADE IT SOUND LIKE IT WAS JUST A DISCOUNT SIGN-UP AND PRESSURED ME INTO COMPLETING THE APPLICATION WITHOUT CLEARLY EXPLAINING IT WAS FOR A CREDIT CARD. I NEVER RECEIVED A FULL ACCOUNT NUMBER OR CONFIRMATION EMAIL, AND NOW I CAN NOT CANCEL THE CARD BECAUSE I DONT HAVE THE ACCOUNT INFORMATION. IVE CALLED MULTIPLE NUMBERS, INCLUDING THE ONE XXXX GAVE ME AND XXXX XXXX DIRECTLY, AND HAVE BEEN TOLD THEY CANT HELP. I SIMPLY WANT THIS ACCOUNT CANCELED AND REMOVED. I DID NOT FULLY UNDERSTAND WHAT I WAS SIGNING UP FOR, AND I HAVE NOT BEEN ABLE TO ACCESS OR USE THE ACCOUNT AT ALL.",CREDIT CARD
15012,"XXXX XXXX XXXX XXXX. 
XXXX XXXX XXXX XXXX XXXX XXXX XXXX XXXX XXXXXXXX ( XXXX ) XXXX THE ABOVE EMAILED ON XX/XX/XXXX TO COLLECT THE DEBT, THE SECOND COMPANY IVE BEEN CONTACTED BY ON BEHALF OF XXXX XXXX XXXX/LVNV FUNDING LLC . WANTING TO VERIFY THIS WASNT A SCAM I ASKED THEM TO PROVIDE THE BILLING STATEMENTS AND ACCOUNT DETAILS FOR THE DEBT. THEY CLOSED THE ACCOUNT WITH NO FURTHER COMMUNICATION. I WAS CONTACTED AGAIN TODAY XX/XX/YEAR> BY RESURGENT CAPITAL SERVICES REGARDING THIS DEBT THREATENING TO LEGAL ACTION AND A LAWSUIT IF THE DEBT ISNT PAID. I HAVE ONCE AGAIN ASKED IN WRITING FOR PROOF OF THIS DEBT BUT AT THIS POINT FEEL AS IF MY RIGHTS HAVE BEEN VIOLATED NUMEROUS TIMES BY XXXX XXXX XXXX  AND LVNV FUNDING LLC.",DEBT COLLECTION
15013,"ON XX/XX/YEAR>2025, I NOTICED FRAUDULENT CHARGES ON MY CHECKING ACCOUNT. AMONG THEM WERE CHARGES TO "" DAVE '' FOR {$3.00} AND "" DAVE '' FOR {$150.00}. TODAY ( XX/XX/XXXX ), I RECEIVED THROUGH XXXX, AN UNAUTHORIZED DAVE DEBIT CARD IN MY NAME.",BANK ACCOUNT OR SERVICE
15014,"TO WHOM IT MAY CONCERN, I REGRET TO INFORM YOU THAT UPON REVIEWING MY CREDIT REPORT, I HAVE DISCOVERED NUMEROUS INACCURACIES THAT HAVE BEEN REPORTED BY YOUR ORGANIZATION. THESE ERRORS PERTAIN TO VARIOUS PERSONAL IDENTIFIERS, THE PRESENCE OF WHICH MAY POTENTIALLY RESULT IN IDENTITY THEFT OR OTHER GRAVE REPERCUSSIONS IF LEFT UNADDRESSED. IT IS UTTERLY DEPLORABLE THAT SUCH ERRORS HAVE OCCURRED IN MY CREDIT REPORT, AND I DEMAND IMMEDIATE RECTIFICATION OF ALL INACCURACIES IN YOUR RECORDS. I CAN NOT EMPHASIZE SUFFICIENTLY THE IMPORTANCE OF UPDATING MY PERSONAL INFORMATION WITH UTMOST PRECISION TO PREVENT ANY ADDITIONAL DETRIMENT TO MY FINANCIAL WELL-BEING.ACCORDING TO THE FAIR CREDIT REPORTING ACT ( FCRA ) SECTIONS 611 ( A ) ( 1 ) ( A ) AND 623 ( A ) ( 2 ), I AM DISPUTING THE INCLUSION OF INCORRECT AND OUTDATED PERSONAL INFORMATION ON MY CREDIT REPORT. THE INACCURATE DATA REPORTED NEGATIVELY IMPACTS MY CREDITWORTHINESS AND VIOLATES MY RIGHTS UNDER FEDERAL LAW. DELETE THIS FROM MY PERSONAL CREDIT REPORT NOW LISTED BELOW ARE THE PERSONAL INFORMATION THAT ARE BEING CHALLENGED INCORRECT NAME : - XXXX XXXX XXXX INCORRECT DOB : - 1986 INCORRECT PREVIOUS ADDRESS : - XXXX XXXX XXXX XXXX, XXXX XXXX, FL XXXX INCORRECT PREVIOUS ADDRESS : - XXXX XXXX, XXXX, FL XXXX EMPLOYER - XXXX INCORRECT CURRENTADDRESS : - XXXX XXXX AV, XXXX XXXX, FL XXXX",CREDIT REPORTING
15015,"I AM FILING A COMPLAINT AGAINST CASH APP ( BLOCK , INC. ) DUE TO INADEQUATE CUSTOMER SERVICE AND UNFAIR PRACTICES, WHICH VIOLATE THE CONSUMER FINANCIAL PROTECTION ACT ( CFPA ). SPECIFICALLY, CASH APP FAILED TO TAKE TIMELY AND EFFECTIVE MEASURES TO PREVENT AND ADDRESS FRAUD ON THEIR PLATFORM, LEAVING MY ACCOUNT VULNERABLE AND UNPROTECTED.

ADDITIONALLY, THEIR DISPUTE RESOLUTION PROCESS WAS UNFAIR AND DECEPTIVE, AS THEY FAILED TO COMPLY WITH ERROR RESOLUTION REQUIREMENTS UNDER THE ELECTRONIC FUND TRANSFER ACT ( EFTA ) AND REGULATION E. THESE ACTIONS HAVE CAUSED MAJOR INCONVENIENCE AND FINANCIAL LOSS, AND I SEEK APPROPRIATE REDRESS FOR THESE VIOLATIONS.",MONEY TRANSFER OR SERVICE
15016,"FREEDOM MORTGAGE TAKING ADVANTAGE OF XXXX 'S DURING COVID. THEY ARE DECEIEIVNG THEIR CUSTOMERS WHO HAVE BEEN ACCEPTED INTO THE FHA COVID RELIEF STREAMLINE PROGRAM. THEY ARE NOT EXECUTING CUSTOMER CONTRACTS IN A FORMAL AND TIMELY MANNER XXXX I WAS ACCEPTED IN FREEDOM MORTGAGE STREAMLINE PROGRAM, FM  SEND OUT FORMAL DOCUMENTS TO BE NOTARIZED HOWEVER DUE TO CLERICAL ERRORS NEEDED TO BE RE DONE. 
XXXX I AM STILL WAITING FOR FORMAL DOCUMENTS TO BE DONE FOR MY STREAMLINE LOAN.? 

FM HAS ASKED ME TO MAKE MORTGAGE PAYMENTS FOR XXXX XXXX, IN THE AMOUNT THAT WAS AGREED TO ON DOCS FROM XX/XX/2021. ( I MADE THOSE PAYMENTS ) AS THEY TOLD ME IF I DID NOT I WOULD BE KICKED OUT OF PROGRAM?? HOWEVER DOCS HAVE NEVER BEEN NOTARIZED NOR SIGEND, DUE TO ERRORS ON FREEDOM MORTGAGE PART. 

FAST FOWARD TO XXXX STILL WAITING FOR FORMAL DOCUMENTS TO BE SENT OUT. NOTHING FROM FM. THEY KEEP TELLING ME DOCS HAVE BEEN ORDERED AND ANY DAY I SHOULD RECEIVE THEM? FM INFORMS ME THAT I NOW HAVE TO MAKE AN XXXX PAYMENT OR I WILL BE KICKE OUT OF LOAN PROGRAM. 

ALL THE WHILE THIS HAS BEEN GOING ON MY BACK END LOAN AMOUNT CONTINUES TO ACRUE, SO MY OVERALL LOAN BECOMES GREATER AND GREATER EVERN THOUGH I AM MAKING MONTHLY PAYMENTS?? I HAVE CALLED, CONTACTED, WRITTEN THIS COMPANY NUMEROUS TIMES SINCE XX/XX/2021, AND NOT ONE SINGLE PERSON CEO INCLUDED CAN INFORM ME OF WHEN I AM SUPPOSED TO RECIEVE MY UPDATED LOAN DOCUMENTS. 

HOW CAN I BE WAITING OVER 7-8 MONTHS FOR THEM TO SEND ME OUT DOCS. 
I AM WRITING DIRECTLY TO THIS ORGANIZATION, IN THE HOPES THAT THEY CAN HELP RESOLVE THIS ISSUE FOR ME.",MORTGAGE
15017,"ON XX/XX/2023 I SENT A LETTER REQUEST COMPANY TO PROVIDE INFORMATION FOR THE ATTEMPTED COLLECTION ON MY CREDIT REPORTS, IN REGARDS TO THE LETTER THEY SENT ME SAYING I OWE LVNV FUNDING SOLUTIONS LLC & RESURGENT CAPITAL SERVICES, 2 COLLECTION COMPANIES DISPLAYED ON ALL 3 OF MY CREDIT REPORTS FOR THE SAME ACCOUNTS. THE ENTITIES IGNORED MY REQUEST AND PLACED COLLECTIONS ON MY CREDIT REPORTS WITHOUT VALIDATION. 
THESE ENTITIES DID NOT PROVIDE INFORMATION AS REQUIRED. I.E BY DISPUTING THIS DEBT AND EXERCISING MY RIGHTS UNDER UCC 1-308.

UNDER UCC 1-308, I RESERVE MY RIGHT TO NOT BE COMPELLED TO PERFORM UNDER ANY CONTRACT OR AGREEMENT THAT I DID NOT KNOWINGLY, VOLUNTARILY, AND INTENTIONALLY ENTER INTO. I ALSO RESERVE MY RIGHT TO ASSERT ANY AND ALL AFFIRMATIVE DEFENSES AND COUNTERCLAIMS THAT MAY BE AVAILABLE TO ME UNDER APPLICABLE LAW. 
COMPANY PLACED DIFFERENT INFORMATION ON ALL CREDIT BUREAUS.",DEBT COLLECTION
15018,PROPERTY OWNER WAS APPROVED FOR FHA SHORT SALE AND LENDER SUBSEQUENTLY FORECLOSED ON THE PROPERTY WHILE THE APPROVAL WAS STILL ACTIVE. AFTER NOTIFICATION THE SERVICER SAID THEY WOULD RESCIND THE FORECLOSURE. SEVERAL ATTEMPTS WERE MADE TO CONTACT THEM AND ALL WERE MET WITH MISINFORMATION. YESTERDAY WE WERE NOTIFIED BY ANOTHER AGENT THAT THE PROPERTY IS NOW FOR SALE BY THE SERVICER.,MORTGAGE
15019,"XXXX, XXXX AND EXPERIAN HAS CAUSE ME A LOT OF PAIN AND GRIEF DUE TO WRONG INFORMATION ON ALL THREE CREDIT REPORTS. I HAVE ACCOUNTS THAT SHOULD BE CLOSED WITH XXXX BALANCE OWED FOR XXXX XXXX XXXX, XXXX XXXX AND XXXX XXXX XXXX. BECAUSE THESE THREE CREDIT REPORTING AGENCIES HAS CAUSED ME NOT TO BE ABLE TO GET CREDIT. IN THE BEGINNING I HAD A XXXX CREDIT SCORE NOW MY SCORE IS XXXX. 

I WANT ALL THREE CREDIT REPORTING AGENCIES TO CORRECT MY CREDIT REPORT SO I CAN GET THE CREDIT I DESERVE. 

WAITING FOR YOUR REPLY. 

XXXX XXXX XXXX",CREDIT REPORTING
15020,"WE WERE APPROVED FOR A MODIFICATION WITH CARRINGTON. WE MADE ALL THREE TRIAL PAYMENTS AND WE MADE OUR FIRST REGULAR PAYMENT. CARRINGTON CALLED TO SAY THEY WERE CLOSING OUR CASE BECAUSE THEY NEVER RECEIVED SIGNED DOCUMENTS. WE NEVER RECEIVED ANY DOCUMENTS UNTIL THEY FINALLY EMAILED US A COPY ON XX/XX/XXXX THE DATE ON THE DOCUMENT WAS XX/XX/XXXX AND THE DUE DATE WAS XX/XX/XXXX BOTH OF WHICH ARE PRIOR TO THE DATE THE DOCUMENTS WERE RECEIVED ON XX/XX/XXXX. THE SIGNED DOCS WERE XXXX  AND CONFIRMED RECEIVED ON XX/XX/XXXX. I HAVE MADE ALL TRIAL PAYMENTS AND MY XX/XX/XXXX PAYMENT AND SENT THE DOCUMENTS WHICH H
AD NO REAL DATE. CARRINGTON IS TAKING ADVANTAGE AND TRYING TO STEAL OUR HOME! WE CALLED CARRINGTON AND SPOKE TO THE TEAM LEAD IN HOME RETENTION XXXX EMPLOYEE # XXXX WHO BASICALLY SAID IT WAS OUR FAULT THAT WE DIDNT GET THE DOCUMENTS ON TIME AND SAID THE DENIAL STANDS. HE REFUSED TO TRANSFER US TO A MANAGER AND WHEN HE FINALLY AGREED HE DID TRANSFER US TO XXXX XXXX # XXXX. XXXX STATES HE IS GOING TO HELP US GET THE MOD REINSTATED.",MORTGAGE
15021,"I AM WRITING TO SEEK ASSISTANCE REGARDING AN ISSUE I HAVE BEEN EXPERIENCING WITH MY PAYPAL ACCOUNT. XXXX XXXX  AGO, I RECEIVED A NOTIFICATION FROM PAYPAL STATING, "" AFTER A REVIEW, WE'VE DECIDED TO PERMANENTLY LIMIT YOUR ACCOUNT DUE TO POTENTIAL RISK. YOU WILL NOT BE ABLE TO CONDUCT ANY FURTHER BUSINESS USING PAYPAL. '' SINCE THAT TIME, I HAVE BEEN UNABLE TO ACCESS OR RETRIEVE MY FUNDS. 

DESPITE MULTIPLE ATTEMPTS TO CONTACT PAYPAL CUSTOMER SUPPORT, I HAVE ONLY BEEN INFORMED THAT MY ACCOUNT IS UNDER REVIEW AND THAT I SHOULD WAIT FOR XXXX XXXX. THE XXXX PERIOD HAS NOW PASSED, BUT MY ACCOUNT REMAINS BLOCKED, AND I STILL CAN NOT ACCESS MY MONEY. 

I AM SEEKING YOUR ASSISTANCE TO RESOLVE THIS MATTER AND TO FACILITATE THE RETURN OF MY FUNDS FROM PAYPAL. 

THANK YOU FOR YOUR ATTENTION TO THIS ISSUE. 

SINCERELY, XXXX XXXX XXXX",MONEY TRANSFER OR SERVICE
15022,I WAS CONTACTED ABOUT A JOB WITH A STARTUP INSURANCE COMPANY. WENT THROUGH INTERVIEWS. WAS HIRED AND RECEIVED FORMAL OFFER. WAS GOING THROUGH ONBOARDING AND WAS ADVISED THEY WOULD SEND ME MONEY TO BUY COMPUTER EQUIPMENT. I COOPERATED SINCE I HAD WORKED FOR STARTUP BEFORE AND THEY HAVE ODD RULES SOMETIMES. I WIRED {$22000.00} BUT IMMEDIATELY GOT SUSPICIOUS AND ASKED FOR ID OF PERSON WHO WAS IN HR. THEY DISAPPEARED. I CONTACTED BANK OF AMERICA WITHIN XXXX HOUR OF WIRING FUNDS TO DEMAND THEY BE CLAWED BACK.NO RESPONSE YET OTHER THAN OPENED AN INVESTIGATION.,MONEY TRANSFER OR SERVICE
15023,"IM FILING THIS REPORT TODAY BECAUSE I WAS THE VICTIM OF IDENTITY THEFT. AN INDIVIDUAL, ENTITY, COMPANY OR CORPORATION HAS OPENED ACCOUNTS WITHOUT MY KNOWLEDGE. THEY ENRICHED THEMSELVES ON MY CREDIT WITHOUT MY KNOWLEDGE, CONSENT OR AUTHORITY. THE FOLLOWING ACCOUNTS ARE TIED TO THE IDENTITY THEFT AND ARE IN SUCH FRAUDULENT. I NEED THE FOLLOWING ACCOUNT ( S ) REMOVED OR BLOCKED FROM MY CREDIT REPORT. IM AWARE THAT FILING A FALSE IDENTITY THEFT REPORT OPENS ME UP TO POSSIBLE CRIMINAL & CIVIL PENALTIES. I UNDERSTAND UNDER THE PENALTY OF PERJURY IM LIABLE FOR SUCH STATEMENTS. THIS STATEMENT IS MY FACTUAL UNDERSTATING OF THE EVENTS : XXXX XXXX XXXX XXXX XXXX XXXX",CREDIT REPORTING
15024,"I AM FILING A COMPLAINT AGAINST CASH APP ( BLOCK , INC ) DUE TO INADEQUATE CUSTOMER SERVICE AND UNFAIR PRACTICES, WHICH VIOLATED THE CONSUMER FINANCIAL PROTECTION ACT ( CFPA ). IN MORE DETAIL, CASH APP FAILED TO TAKE TIMELY EFFECTIVE MEASURES TO PREVENT AND ADDRESS FRAUD ON THEIR PLATFORM, LEAVING MY ACCOUNT VULNERABLE AND UNPROTECTED. FURTHERMORE, THEIR DISPUTE RESOLUTION PROCESS HAD BEEN UNFAIR AND DECEPTIVE, AS THEY DID NOT COMPLY WITH ERROR RESOLUTION REQUIREMENTS UNDER THE ELECTRONIC FUND TRANSFER ACT ( EFTA ) AND REGULATION E. THESE ACTIONS HAVE CAUSED IMMENSE INCONVENIENCE AND FINANCIAL LOSS, AND I SEEK APPROPRIATE REDRESS FOR EVERY LAST VIOLATION.",MONEY TRANSFER OR SERVICE
15025,"I WOULD LIKE TO PREFACE THIS COMPLAINT WITH THE FACT THAT I XXXX XXXX HAVE ALREADY RECENTLY SUBMITTED AND CONCLUDED A SEPARATE BUT IDENTICAL COMPLAINT AGAINST WELLS FARGO. THEY ARE USING MISLEADING TARGETED ADVERTISING AND I HAVE NOW CONTACTED AN ATTORNEY ( XXXX XXXX XXXX ) OUT OF XXXXXXXX XXXX  DUE TO A REPEAT OF THIS SAME ISSUE. I AM NOW CONSIDERING MOVING ON TO A HARASSMENT CLAIM UNLESS THIS IS JUSTIFIED AND RESOLVED TO MY SATISFACTION. 

ON TODAYS DATE OF XX/XX/YEAR> I HAVE RECEIVED ANOTHER TARGETED OFFER THIS TIME VIA MAIL FOR A WELLS FARGO XXXX XXXX XXXX XXXX CASH BACK CREDIT CARD. ( RESERVATION NUMBER XXXX ) THIS IS THE EXACT SAME CREDIT CARD I WAS TARGETED ( VIA EMAIL ) TO APPLY FOR AND RAPIDLY DECLINED JUST WEEKS AGO. 

THEY HAVE ALREADY LEFT AN INQUIRY ON MY CREDIT REPORT FOR THIS SAME CARD IN WHICH I WAS OFFERED TO APPLY FOR AND DENIED. WHY AM I BEING SENT YET ANOTHER OFFER TO APPLY FOR THIS CARD? MY CREDIT HAS NOT VARIED IN THE FEW WEEKS SINCE I RECEIVED THE FIRST OFFER. SO EITHER A ) THEY WERE INCORRECT FOR DENYING ME ORIGINALLY AND NOW REALIZE IT, OR B ) THEY ARE OFFERING ME TO APPLY AND BE DECLINED AND LEFT WITH ANOTHER UNNECESSARY INQUIRY ON MY CREDIT REPORT. 

EITHER WAY I DO NOT WISH TO DO ANY BUSINESS WITH THIS COMPANY AND WILL SEEK LEGAL RESTITUTION FOR HARASSMENT AND DEFAMATION OF CHARACTER BASED ON THEIR OFFER IN WHICH I QUALIFIED FOR THAT I WAS THEN DENIED AND NOW, DEALING WITH REPEATING THIS SAME SITUATION ALL OVER AGAIN.",CREDIT CARD
15026,"SUBJECT : FOLLOW-UP ON IRS CONFIRMATION OF NO LEVIES OR HOLDS ON ACCOUNT DEAR CHASE BANK , I HOPE THIS EMAIL FINDS YOU WELL. I AM WRITING TO FOLLOW UP ON OUR PREVIOUS CONVERSATION REGARDING THE STATUS OF MY ACCOUNT IN RELATION TO ANY LEVIES OR HOLDS ISSUED BY THE IRS. 

AFTER CONTACTING THE IRS DIRECTLY, THEY HAVE CONFIRMED THAT THERE ARE NO LEVIES OR HOLDS ON MY ACCOUNT. ADDITIONALLY, THEY MENTIONED THAT NO LEVIES HAVE BEEN ISSUED FOR BUSINESS OR PERSONAL ACCOUNTS SINCE THE START OF THE PANDEMIC IN 2020. 

I WAS INFORMED BY THE IRS THAT THEY ARE REQUIRED BY LAW TO PROVIDE ME WITH ANY INFORMATION THAT MAY HAVE BEEN PROVIDED TO YOU PRIOR TO SHARING IT WITH YOU. HOWEVER, I HAVE NOT RECEIVED ANY SUCH INFORMATION FROM THE IRS REGARDING ANY LEVIES OR HOLDS PLACED ON MY ACCOUNT. 

THE IRS ADVISED ME THAT THERE IS NO PAPERWORK THEY HAVE TO PROVIDE ME STATING THAT I HAVE A XXXX BALANCE AND NO HOLDS ARE ISSUED. THEY ALSO SUGGESTED THAT I VISIT THE BANK BRANCH OFFICE TO REQUEST A COPY OF WHATEVER INFORMATION THE IRS HAS PROVIDED TO CHASE BANK. 
I WAS ALSO ADVISED BY THE IRS TO GO TO A BRANCH SPEAK WITH A MANAGER AND ASK THEM TO CALL THE IRS AND CONFIRM THAT THEY HAVE NO LEVIES OR HOLDS PLACED AGAINST MY BUSINESS. 
I KINDLY REQUEST YOUR ASSISTANCE IN PROVIDING ME WITH THE INFORMATION THAT YOU RECEIVED FROM THE IRS, REGARDING ANY LEVIES OR HOLDS BEING PLACED ON MIGHT ACCOUNT AS WELL AS ANY DOCUMENTATION RELATED TO MY ACCOUNT STATUS. YOUR PROMPT ATTENTION TO THIS MATTER WOULD BE GREATLY APPRECIATED. 

THANK YOU FOR YOUR UNDERSTANDING AND COOPERATION. 

WARM REGARDS, XXXX XXXX XXXX XXXX XXXX XXXX XXXX XXXX XXXX XXXX XXXX XXXX XXXX XXXX XXXX XXXX",BANK ACCOUNT OR SERVICE
15027,WE WE PREY AS FIRST TIME HOME BUYERS THAT WERE NOT REPRESENTED AT CLOSING SO DID NOT FULLY UNDERSTAND ANY OF IT. NO DISCLOSURES ON THE ISSUES OF THE HOME. THE LOAN WAS THROUGH XXXX XXXX AND XXXX WHO CLOSED DUE TO FRAUDULENT LOANS AND SO OUR SECOND PAYMENT EVER WAS REJECTED BACK IN 2009 THE LOAN HAS TRANSFERRED XXXX AND NO THEY ARE FORECLOSING SINCE WE CA N'T AFFORD AN ATTORNEY WE ARE LOST WITH NO OPTIONS. EXCEPT THE FACT THE ORIGINAL LOAN WAS PREDATORY. WE WOULD LIKE TO HAVE A PAYMENT REDUCTION AND A CHANCE TO KEEP OUR HOME. PLEASE HELP.. ARE ISSUE IS CONSISTENT WITH ALL THE FOLLOWING DESCRIPTORS.,MORTGAGE
15028,I REQUESTED AND WAS GRANTED A MORTGAGE MODIFICATION ON 2010 BY GMAC MORTGAGE ( NOW BEING HANDLED BY OCWEN LOAN SERVICING XXXX. I HAVE BEEN IN THE PAST 3 MONTHS TRYING TO HAVE THEM FORGIVE PART OF MY DEFERRED PRINCIPAL. I HAVE SENT THEM LETTERS AND TO NO AVAIL. I BELIEVE I WAS A VICTIM OF MORTGAGE FRAUD WHEN I REFINANCE MY MORTGAGE AND THEY HAVE SENT ME A LETTER THAT I AM ELIGIBLE FOR PRINCIPAL REDUCTION BUT NOT ON MY DEFERRED PRINCEPAL. I AM CONFUSED.,MORTGAGE
15029,"I HAD 2 MORTGAGES WITH SOFI. THE MAIN MORTGAGE IS STILL THROUGH THEM AND HAS NO ISSUES. 
THE 2ND MORTGAGE WAS THROUGH THEM BUT THEY THEN SAID THEY SOLD IT TO ANOTHER COMPANY STARTING XX/XX/YEAR>2025. HOWEVER, ON THE ORIGINAL MORTGAGE DOCUMENTS THERE IS A PLACE WHERE THEY CAN CHECK IF THEY ARE GOING TO SELL THE LOAN OR NOT AND THEY PUT THEY WERE NOT GOING TO SELL THE LOAN. 

THEY DID ANYWAY. I TRIED TO CONTACT THEM ON THEIR WEBSITE BUT IT SAYS I HAVE TO CALL THEM. EVERY TIME I DO, THEIR AUTOMATED SYSTEM STATES IT CAN'T TRANSFER ME TO A REP UNLESS I 'VALIDATE ' MY LOAN NUMBER. I HAVE TYPED IN MY LOAN NUMBER AND IT SAYS 'IT DOESN'T RECOGNIZE ME AND TO CALL BACK WHEN I HAVE MY LOAN NUMBER.

I AM EXTREMELY UPSET AS I WAS SET UP ON AUTO PAY AND THEY SENT A LETTER SAYING I WOULDN'T HAVE TO DO ANYTHING BUT THE NEW COMPANY AND THE OLD COMPANY SOFI HASN'T TOUCHED THE FUNDS AND I'M SCARED TO TOUCH THEM BUT DON'T WANT THEM SITTING THERE. THEY WEREN'T SUPPOSED TO SELL THE LOAN TO BEGIN WITH AND NO ONE WILL GET BACK WITH ME FROM THERE.

CAN SOMEONE PLEASE PLEASE HELP ME? I'M AFRAID I'M GOING TO GET BEHIND IN MY MORTGAGE AND NO ONE WILL RESPOND TO ME. THE NEW COMPANY DOESN'T RECOGNIZE MY 'OLD ' LOAN NUMBER WITH SOFI AND SOFI WON'T DO ANYTHING.

HAVEN'T THEY BROKEN THE LAW?",MORTGAGE
15030,"I RECENTLY STARTED USING BILL PAY TO PAY BILLS, 2 RECIPIENTS IN BILL PAY A DOUBLE PAYMENT WAS ISSUED ( XXXX PAID XX/XX/YEAR> & XX/XX/YEAR> ) IT WAS TOO LATE TO CANCEL DOUBLE PAYMENT FOR THIS COMPANY SO THEY WERE OVER PAID FOR XXXX, CANCELLED PAYMENTS FOR XXXX. FOR XXXX XXXX CANCELLED PAYMENTS FOR XXXX XXXX. TWO PAYMENTS FOR XXXX PROCESSED ( XX/XX/YEAR> & XX/XX/YEAR> ) NOT ABLE TO STOP THESE PAYMENTS. THE MOBILE APP ISN'T WORKING PROPERLY THATS NOT MY PROBLEM, YET THE ERRORS ARE CLEAR. MY FUNDS ARE BEING MISS HANDLDED I DONT'T PAY BILLS LIKE THIS, BOTH COMPANIES REMOVED FROM BILL PAY BY ME",BANK ACCOUNT OR SERVICE
15031,"I HAVE A NUMBER OF ISSUES WITH THE  XXXX  SERVICE. I HAVE A LIMITATION ON MY ACCOUNT THAT IS PREVENTING ME FROM ACCESSING MY MONEY. THEY DO NOT HAVE ANY RIGHT TO SIESURE AS THEY ARE NOT A GOVERNMENT AGENCY AND ARE NOW OPERATING OUTSIDE OF THEIR SCOPE OF AUTHORITY. I HAVE ATTEMPTED TO RECTIFY THE LIMITATION FOR MANY MONTHS NOW, AND THEY ARE ASKING ME FOR THE SAME INFORMATION PREVIOUSLY SUBMITTED. THEY ARE USING AN UNCONSTITUTIONAL USER AGREEMENT THAT MANDATES THAT ANY CIVIL COMPLAINTS BE ADDRESSED IN THE CITY THEY OPERATE IN REGARDLESS OF LEGAL OPERATIONAL JURISDICTION. THIS HOLD IS IN VIOLATION OF MY  4TH  AMENDMENT RIGHTS TO PREVENT UNLAWFUL SIESURE OF PROPERTY AND IS TANTAMOUNT TO STEALING. I BELIEVE THIS IS BEING DONE AS PUNISHMENT FOR PRIOR COMPLAINTS, AND I WOULD LIKE TO OFFICIALLY REQUEST WHISTLEBLOWER STATUS AS I AM BEING PERSECUTED FOR REPORTING THEIR UNLAWFUL ACTIVITY. THEY HAVE MADE CLAIMS THAT I HAD 6 MONTHS TO DISPUTE FRAUDULENT CHARGES, AND HAVE NOT HONORED THAT CLAIM. I AM BEING RAILROADED BY THIS COMPANY, AND THE  XXXX   XXXX   XXXX  WO N'T EVEN RETURN MY REQUEST FOR A LAWYER REFERRAL TO GET A CIVIL ACTION STARTED AGAINST THEM. THIS IS A PERVERSION O F AMERICAN FREEDOM OF TRADE, AND THEY CONTINUE TO USE UNFAIR AND DECEPTIVE ACTS AND PRACTICES IN VIOLATION OF SECTION 5 OF THE FTC TRADE LAWS AND ARE VIOLATING THE SAME IN  MY STATE OF NC AS WELL AS THE LAWS OF THEIR HOME STATE OF CA. I CA N'T SEEM TO GET MY GOVERNMENT TO TAKE ACTION AGAINST THIS CORPORATE TYRANNY, AND THEY CONTINUE TO OPERATE WITH IMPUNITY. I NEED SOME AGENCY THAT USES OUR TAX MONEY TO ENFORCE THE LAWS AS WRITTEN.",MONEY TRANSFER OR SERVICE
15032,"I HAVE BEEN DISPUTING INCORRECT INFORMATION ON MY CREDIT REPORTS SINCE XX/XX/2019. A REPOSSESSION REMAINS ON MY REPORT EVEN THOUGH IT HAS A BALANCE OF {$0.00}. I HAVE DISPUTED THIS ACCOUNT WITH THE BUREAUS, AND IT STILL REMAINS ON MY REPORT. I WOULD LIKE FOR THE ACCOUNT TO BE REMOVED ESPECIALLY GIVEN THE NON-EXISTENT BALANCE.",CREDIT REPORTING
15033,"IN XX/XX/XXXX, I RECEIVED AN EMAIL ABOUT LEAP CREDIT DRAFTING MY ACCOUNT FOR A PAYDAY LOAN. I CONTACTED MY CREDIT UNION, AND THEY INFORMED ME THAT BE ON THE LOOKOUT, BASICALLY PROBABLY A COMPANY TRYING TO GET INFORMATION OUT OF ME. A FEW DAYS LATER, THEY DRAFTED MY ACCOUNT, ONCE I WAS FINALLY ABLE TO GET A HOLD OF THEM, I INFORMED THEM THAT I DIDN'T APPLY FOR A LOAN, THE LADY ON THE OTHER END TOLD ME I DID, SO I ASKED HER TO EMAIL ME THE APPLICATION WITH MY SIGNATURE ON IT, SHE EMAILED IT TO ME, AND IT WAS A TYPED SIGNATURE IN THE BOX, THEY HAD DEPOSITED XXXX IN MY ACCOUNT, LONG STORY SHORT THE ISSUE WAS RESOLVED. SHE TOLD ME THAT THEY WERE NOT A FRAUDULENT COMPANY AND APOLOGIZED. I HAD TO DO A POLICE REPORT AND PUT FREEZES ON MY CREDIT REPORT. ALMOST 2 YEARS LATER, IN XX/XX/XXXX, THEY DRAFTED MY ACCOUNT AGAIN. I CONTACTED THEM AGAIN ; THIS TIME, THEY TOLD ME IT WAS A COMPUTER GLITCH AND AGAIN APOLOGIZED. WE HAD A NASTY VERBAL EXCHANGE OVER THE PHONE, AND THEY ASKED ME NOT TO CONTACT THE XXXX OR ANYONE ELSE BECAUSE THE ISSUE WAS RESOLVED AND THEY WOULDN'T USE MY INFORMATION AGAIN. ON XX/XX/XXXX, THEY DRAFTED MY ACCOUNT AGAIN. I CALLED AGAIN AND ONCE AGAIN APOLOGIZED AND SAID THEY DON'T KNOW HOW IT HAPPENED AND THEY WOULD RESOLVE THE ISSUE ON THEIR END AND NO NEED TO CONTACT ANYONE. I'M FRUSTRATED BECAUSE I DON'T KNOW HOW THEY HAVE MY BANKING INFORMATION. I HONESTLY NEVER APPLIED FOR THE LOAN. WHEN I CONTACTED THEM, THEY ALSO TOLD ME THAT THEY CALLED ME AND LEFT A VOICEMAIL ASKING ME IF I STILL NEED THE MONEY, AND THEY ASSUMED I DID, WHICH IS WHY THEY DEPOSITED THE MONEY IN MY ACCOUNT BACK HERE IN XX/XX/XXXX.",CONSUMER LOAN
15034,"ON XX/XX/2024, I WAS TARGETED FOR A SCAM. I RECEIVED XXXX TEXTS ASKING IF I MADE SOME CHARGES WHICH I DID NOT. THEY IMMEDIATELY CALLED ME SAYING THAT WIRE TRANSFERS WERE HAPPENING AS WELL. OF COURSE I PANICKED AND FOLLOWED THEIR INSTRUCTION. WHEN I THOUGHT I WAS UNDOING A WIRE TRANSFER OF {$19000.00}, I WAS IN FACT DOING A WIRE TRANSFER AND UNBEKNOWNST TO ME, IT WAS A BANK OF AMERICA ACCOUNT TO SOMEONE THAT OPENED A FAKE ACCOUNT. THE MONEY WENT INTO THAT ACCOUNT AND WHEN I FIGURED OUT WHAT HAD HAPPENED, I NOTIFIED XXXX. XXXX DID EVERYTHING THEY COULD BUT TOLD ME THAT BANK OF AMERICA WOULD. HAVE TO GIVE ME BACK MY MONEY. I DID SOME BACKGROUND CHECKING AND THE MONEY WENT INTO AN ACCOUNT "" OPENED '' BY A XXXX XXXX THAT SAID LIVED IN NEVADA. HE LIVES IN CA AND HAS A XXXX XXXX ACCOUNT. NOT A BOA. I HAVE TRIED TO REACH OUT BOA ON XXXX AND THEY TELL ME THAT I MUST DEAL WITH XXXX. THIS IS ABSURD THAT PEOPLE ARE ABLE TO OPEN UP FAKE ACCOUNTS AND FUNNEL/LAUNDER MONEY THIS WAY. I AM OVER XXXX AND THIS IS A LOT OF MONEY FOR ME.",MONEY TRANSFER OR SERVICE
15035,"I HAVE BEEN THE VICTIM OF FINANCIAL FRAUD BY A FAMILY MEMBER THAT WAS XXXX TIME FOR IT. IT HAS CAUSED ME MANY ISSUES WITH MY CREDIT AND PERSONALLY. MANY OF THE ITEMS THAT ARE ON MY CREDIT REPORT WERE PART OF THE FRAUD AND I AM STUCK WITH TRYING TO FIX IT AS BEST I CAN. I HAVE WORKED FOR YEARS WITH THOSE THAT HAVE ALLOWED ME TO DO SO. THOSE THAT WERE UNABLE TO DO SO ARE THE ONES I AM NOW TRYING TO CLEAR UP AND AT LEAST GET THEM TO SHOW CORRECTLY ON MY CREDIT REPORT. THIS HAS BEEN VERY FRUSTRATING AS A CONSUMER, SO NOW THAT I HAVE FOUND THIS WEBSITE, I AM HOPEFUL. 
BANK OF AMERICA CANCELED DEBT ON XXXX ACCOUNTS. 
THEY ALSO SHOW "" PLACED FOR COLLECTION '' INSTEAD OF "" CANCELED DEBT '' I RECEIVED THIS XXXX FOR TAX YEAR 2013 FOR BOTH ACCOUNTS YET THEY STILL REPORT IT ON MY BUREAU WITH DIFFERING AMOUNTS FROM THE XXXX AND ALTHOUGH CANCELED, THEY STILL REPORT IT AS A COLLECTION ACCOUNT INSTEAD OF CLOSED/CANCELED. IT IS CANCELED AND I PAID TAXES ON IT IN 2013. I DO NOT SEEM TO HAVE ANY RIGHTS AS A VICTIM TO GET THIS CORRECTED. BOA SHOULD NOT BE ALLOWED TO BOTH CANCEL IT AND REPORT IT OPEN, I UNDERSTAND IT WILL SHOW ON BUREAU AS CANCELED DEBT, BUT THEY SHOULD NOT BE ALLOWED TO CONTINUE TO SHOW IT AS AN OPEN BALANCE SINCE THEY TOLD THE IRS IT WAS CANCELLED. 
I AM TRYING TO CLEAR UP ISSUES THAT WERE NOT MY DOING, BUT WERE IN MY NAME, MY NAME AND SS # WERE FRAUDULENTLY USED MULTIPLE TIMES. PLEASE HELP ME IN THIS MATTER, I CAN NOT SEEM TO GET BOA TO WILLINGLY FIX THIS ISSUE THAT IS CLEARLY BEING REPORTED INCORRECTLY.",CREDIT REPORTING
15036,"ON XX/XX/2023, I BEGAN DOING BUSINESS WITH A COMPANY OVER THE INTERNET. THEY CHARGED MY PAY PAL ACCOUNT {$63.00} ON THAT DAY, AND THEY STATED THAT THEY WOULD MAKE SUBSEQUENT CHARGES AGAINST THAT ACCOUNT, UNTIL ALMOST {$300.00} WAS PAID TO THEM. 

I SPENT THE WEEKEND IN THE EMERGENCY ROOM, WITH A FAMILY MEMBER, WHO HAS SINCE DIED, AND SO I PAID NO MIND TO IT. 

ON MONDAY, XX/XX/2023, I DISCOVERED THAT THE COMPANY WHO HAD CHARGED MY PAY PAL ACCOUNT, HAD DONE SO DECEPTIVELY. I CONTACTED THEM, IN WRITING, SEVERAL TIMES, AND I INFORMED THEM THAT THEY HAD BROKEN STATE AND FEDERAL LAWS, AND DELIBERATELY WITHHELD FACTS FROM ME, WHICH I WAS RELYING UPON WHEN I DECIDED TO DO BUSINESS WITH THEM. I ASKED THEM TO DELETE MY PROFILE AND REFUND ME, BUT THEY REFUSED AND DID NEITHER. 

I THEN PROVIDED PROOF TO THEM THAT THEY HAD HAD COMMITTED STATUTORY FRAUD, BUT THEY STILL IGNORED ME AND INFORMED ME THAT THEY WOULD CONTINUE TO CHARGE ME. 

SO I FILED A FORMAL COMPLAINT AGAINST THAT BUSINESS WITH THE FEDERAL TRADE COMMISSION, AND XXXX XXXX XXXX 

I THEN WENT TO PAY PAL, AND TRIED TO STOP THE PAYMENT, BUT THEY FORCED ME INTO AN AUTOMATED SYSTEM, WHICH WOULD NOT ALLOW IT. I CALLED THEIR NUMBER, REPEATEDLY, FOR THREE DAYS STRAIGHT, BUT I NEVER REACHED A HUMAN AND I SAT ON HOLD INDEFINITELY. PAY PAL OBVIOUSLY DOES NOT WISH TO PROVIDE ANY REAL SERVICE, SINCE THEIR ENTIRE RESOLUTION PROCESS IS STRICTLY "" APP '' DRIVEN. 

NEVERTHELESS, IT'S MY MONEY AND MY RIGHT UNDER THE LAW TO STOP FRAUDULENT PAYMENTS. 

FOR THE RECORD, I AM A XXXX, CERTIFIED CONSUMER AFFAIRS XXXX FOR THE NEW JERSEY XXXX ATTORNEY GENERAL, AND SO WHEN I SAY THAT I WAS DEFRAUDED, IT IS WITH THE FULL UNDERSTANDING OF THE LAW AND MY RIGHTS. 

XXXX XXXX CAN NOT JUST USE MY MONEY AS THEY CHOOSE, AND THEN IGNORE ME. I AM ENTITLED TO DISPUTE THESE FRAUDULENT CHARGES.",MONEY TRANSFER OR SERVICE
15037,"AMONG MANY OTHER THINGS, HEREIN ATTACHED TO THIS COMPLAINT IS VERY SPECIFIC AND EXACTING EXHIBITS AND PROOF I.E. CANCELLED CHECKS, CREDIT CARD STATEMENTS, COPIES OF OLD STATEMENTS WITH PAID OFF DATES. 

MOST AGGRAVATING OF ALL IS EXPERIAN HAS CONTINUED TO LOCK ME OUT OF MY CREDIT FILE FOR MORE THAN TWO YEAR! I FURNISHED A SCREEN SHOT SHOWING THEIR LOCK OUT STATEMENT AND A PHONE NUMBER TO CALL WHICH IS NOT ANSWERED! THIS IS A VIOLATION OF LAW. 

CONSUMER FINANCIAL PROTECTION BUREAU SHALL STEP IN AND CORRECT THESE ISSUES. I AM CONTACTING MY CONGRESSMAN AND SENATORS WITH A COPY OF THIS LETTER AND THE PREVIOUS ONES. PLEASE SEE THIS IS CORRECTED. 

THANK YOU, XXXX XXXX",CREDIT REPORTING
15038,"I AM SUBMITTING THIS COMPLAINT AGAIN BECAUSE CAPITAL ONES PREVIOUS RESPONSE DID NOT ADDRESS THE CORE ISSUE. AROUND XX/XX/YEAR>, I APPLIED FOR A CAPITAL ONE SAVOR REWARDS CREDIT CARD BASED ON A PROMOTIONAL OFFER ADVERTISING A {$200.00} BONUS AFTER SPENDING {$500.00}, ALONG WITH A 0 % APR INTRODUCTORY PERIOD. I RELIED ON THIS PROMOTION WHEN MAKING MY DECISION TO APPLY AND USE THE CARD. I COMPLETED THE REQUIRED SPENDING IN GOOD FAITH. HOWEVER, I WAS LATER INFORMED BY CUSTOMER SERVICE THAT THE BONUS WAS OPTIONAL AND WOULD NOT BE HONORED. NO CLEAR EXPLANATION OR WRITTEN TERMS WERE PROVIDED TO JUSTIFY THIS DENIAL. AT NO POINT DURING THE APPLICATION PROCESS WAS IT DISCLOSED THAT THE OFFER MIGHT NOT APPLY. CAPITAL ONE LATER STATED THAT THE OFFER ATTACHED TO MY ACCOUNT DID NOT INCLUDE THESE BENEFITS. HOWEVER, THEY HAVE NOT PROVIDED ANY PROOF OF WHAT OFFER WAS ACTUALLY PRESENTED TO ME AT THE TIME OF APPLICATION. THIS RAISES SERIOUS CONCERNS ABOUT MISLEADING OR UNCLEAR MARKETING PRACTICES. ADDITIONALLY, MY ACCOUNT WAS RESTRICTED DUE TO AN IDENTITY VERIFICATION ISSUE. I SUBMITTED MULTIPLE DOCUMENTS, INCLUDING MY DRIVERS LICENSE AND BANK STATEMENTS, BUT THE ISSUE WAS NOT RESOLVED PROMPTLY. THIS RESTRICTION LIMITED MY ABILITY TO USE THE CARD AND BENEFIT FROM ANY PROMOTIONAL TERMS, INCLUDING THE 0 % APR PERIOD. DURING MY ATTEMPTS TO RESOLVE THIS ISSUE, I CONTACTED CUSTOMER SERVICE MULTIPLE TIMES. ON ONE OCCASION, I REQUESTED ESCALATION TO A SUPERVISOR, BUT THE REPRESENTATIVE REFUSED AND DISCONNECTED THE CALL ABRUPTLY. THIS BEHAVIOR WAS UNPROFESSIONAL AND WAS NOT ADDRESSED IN THE COMPANYS PRIOR RESPONSE. I MADE MULTIPLE GOOD-FAITH EFFORTS TO RESOLVE THIS DIRECTLY, BUT CAPITAL ONES RESPONSE FAILED TO ADDRESS THE MISLEADING NATURE OF THE PROMOTION AND THE SERVICE ISSUES I EXPERIENCED.",CREDIT CARD
15039,"FOR SOME ODD REASON XXXX BELIEVES MY CARD WAS FRAUDULENTLY OPENED. ONCE I GOT THAT STRAIGHTENED OUT THEY TURNED IT BACK ON AND I WAS ABLE TO USE IT FOR A DAY. THEN ALL THE SUDDEN IT HAS BEEN REPORTED AS "" LOST '' ACCORDING TO THEM. TO WHICH I HAVE TO CALL THE FRAUD DEPARTMENT TO GET IT FIXED. THIS IS AN ONGOING PROBLEM THAT NEEDS FIXED, AND RESOLVED! I HAVE NOT REPORTED IT STOLEN, I HAVE IT IN MY CUSTODY, I AM LOOKING AT IT AS I TYPE THIS COMPLAINT. NOBODY SEEMS TO BE ABLE TO HELP, IT IS VERY EMBARRASSING TO GO TO USE A CARD THAT YOU KNOW HAS PLENTY OF MONEY ON IT FOR IT ONLY TO BE CANCELLED UNBEKNOWNST TO YOU. YET THEY SURE ARE HAPPY TO TAKE MY MONEY FOR A PAYMENT!",CREDIT CARD
15040,"WEEKS PRIOR I HAVE SETTLED ON A SETTLEMENT WITH MOHELA MADE THE FIRST PAYMENT TO CEASE DEBT COLLECTIONS, WAS INSTRUCTED TO WAIT FOR MY AGENT TO CALL AND SET UP FINALLY PAYMENT ARRANGEMENTS. SINCE THEN I HAVE RECEIVED NON STOP HARASSING CALLS ABOUT MAKING A PAYMENT ON MY ACCOUNT TO BRING IT CURRENT, THAT WAS NOT NEEDED SINCE WE ARE IN A SETTLEMENT AGREEMENT ALREADY. TODAY THEY REACHED OUT TO MY WIFE WHILE SHE WAS AT HER JOB. I CALLED THEM AND ASKED HOW THEY EVEN FOUND HER INFO SINCE THIS LOAN WAS TAKEN BEFORE WE KNEW EACH OTHER AND THEY PROCLAIMED SHE HAD CALLED THEM. I HAVE PHONE RECORDS SHOWING THEY CONTACTED HER. IN THERE RECORDED SYSTEM THEY CANT TELL ME ANYTHING AND PROCEEDED TO EXPLAIN TO ME MY WIFE MUST HAVE BEEN DELETING HER CALL HISTORY SHOWING SHE CALLED THEM. BUT WHY WOULD SHE STILL HAVE THE INCOMING CALLS ON THE LOG FROM MOHELA? THAT MEANS AT SOME POINT THEY CALLED HER PHONE AND DID NOT IDENTIFY THEMSELVES AND JUST SAID THEY HAD ARRANGED A PHONE MEETING WITH ME LATER IN THE EVENING. SO NO MY WIFE AND I ARE IN A DISAGREEMENT ON WHO IS STRANGELY CALLING HER AND TELL HER INFO ABOUT MY MEETING AND WHEN THEY ARE MIND YOU THATS HOW WE FIGURED OUT WHO THIS MYSTERY PHONE CALL WAS. SO THIS NEEDS TO END WITH THIS COMPANY THEY WILL NOT SPEAK TO ME NOW REPEATING THAT THEY HAVE NO RECORDS OF NOW EVEN SPEAKING TO MY WIFE THIS IS GETTING OUT OF CONTROL I HAVE PAID OVER XXXX $ ON AN ORIGINAL LOAN OR XXXX $ AND STILL TELLING ME I OWE XXXX $ AFTER PAYING FOR 15 YEARS ON THIS LOAN SOMTHING HAS TO BE DONE ABOUT THIS COMPANY AND THERE PRACTICES PLEASE HELP ME AND MY FAMILY FROM BEING ABUSED BY THIS COMPANY MOHELA",DEBT COLLECTION
15041,"I HAD MY CARD SHUT OFF AND CONTACTED THE COMPANY. I WAS TOLD MY PAYMENTS WOULD ONLY BE {$55.00} A MONTH AND HAD BEEN PAYING ROUGHLY $ 75 MONTHLY JUST TO HELP PAY A LITTLE EXTRA. I STARTED GETTING LETTERS SAYING MY PAYMENT WAS FALLING BEHIND AND THAT MY MINIMUM PAYMENT WAS {$140.00} WHICH WAS NOT THE AGREEMENT. I THEN TRIED SEVERAL TIMES TO CONTACT CAPITAL ONE AND WHEN I SPOKE TO CUSTOMER SERVICE, THEY WERE VERY DISRESPECFUL AND ACCUSED ME OF LYING TO THEM AND GIVING FALSE INFORMATION. I WAS TOLD THE ACCOUNT NUMBER I WAS PROVIDING IS NOT IN THE SYSTEM YET I KEEP GETTING LETTERS SAYING I 'M BEHIND ON MY PAYMENTS WITH THAT ACCOUNT NUMBER. I CONTACTED THE COMPLAINT DEPARTMENT THAT IS LISTED WITH THE COMPANY ON THIS SITE JUST TO RECEIVE XXXX MESSAGES TO CALL THEM. I SINCE HAVE CALLED NUMEROUS TIMES AND NEVER CAN REACH ANYONE. I HAVE EVEN LEFT A MESSAGE ASKING TO CALL ME BACK WITH NO SUCH LUCK. AND NOW ITS GOING AGAINST MY CREDIT. I HAVE FILED WITH THE XXXX AND THEY DID N'T REALLY HELP AND SAID WITH NO DOCUMENTATION THEY COULD N'T DO ANYTHING EVEN THOUGH EVERYTHING WAS ON A RECORDED LINE. 

I HAVE SINCE BEEN IN CONSTANT CONTACT WITH CAPITAL ONE ATTEMPTING TO DO EVERYTHING ON MY PART TO GET THE ISSUE RESOLVED. I HAVE THE NAMES, DATES AND TIMES OF EVERYONE I HAVE SPOKEN WITH. XXXX XXXX ( SPELLING? ) IS WHO I HAVE XXXX BEEN IN THE MOST CONTACT WITH. AFTER A MONTH AND A HALF OF CALLS BACK AND FORTH AND BEING TOLD TO MAKE PAYMENTS HE LATER TOLD ME THAT NO MATTER WHAT I PAY MY BALANCE WOULD INCREASE AND THERE IS NOTHING THEY WILL DO TO HELP. 

ALSO ON THE PHOTO I UPLOADED. IT ONLY SHOWS ONLINE PAYMENTS MADE AND WILL NOT SHOW PAYMENTS MAILED IN OR MADE OVER THE PHONE.",CREDIT CARD
15042,"I HAVE A HOME LOAN WITH NEW REZ MORTGAGE COMPANY AND SINCE THE BEGINNING I CHOSE TO HAVE AN ESCROW ACCOUNT SO THE COMPANY WOULD PAY MY TAXES AND HOME INSURANCE AND I THOUGHT MY TAXES WERE PAID ON TIME.I ALWAYS PAID THE MONTHLY BILL ON TIME.ON DAY I GET A CHECK FROM THE COMPANY AND I CALLED THEM WHAT IS THE CHECK FOR AND THEY  TOLD YOU JUST BEEN OVERPAYING.WHEN I GET MY XXXX STATEMENT MY PAYMENT WAS LOWER THEN USUAL AND I CALLED THEM AGAIN AND THEY TOLD THAT THE BILL ITS LOWER BECAUSE WE ARE NOT RESPONSIBLE FOR PAYING YOUR TAXES.THEY REMOVED THE TAXES FROM THE ESCROW ACCOUNT WITHOUT MY PERMISSION AND DIDN'T NOT LET ME KNOW.NOW MY SUMER TAXES DIDN'T GET PAID SINCE XXXX AND THEY TOLD ME THAT WHEN I CALLED ON XXXX.I KEEP SENDING EMAILS ABOUT RESOLVING THE SITUATION AND KEEP CALLING THEM TO FIX THIS.AT THE  END OF XXXX ARE MY SUMER TAXES DUE AND THE WINTER TAXES TOO.I TOLD THEM AM GON NA PAY MY TAXES MYSELF BUT I WANT REIMBURSEMENT FOR EVERYTHING THAT DID AND ANSWERS WHY, WHEN, WHO DID TAKE OFF THE TAXES FROM MY ESCROW ACCOUNT?! I CALLED A WEEK AGO THEY TOLD ME IT'S MY FAULT THAT NOW THEY HAVE TO PAY INTEREST ON LATE TAXES.I CANT DEAL WITH THIS COMPANY ANYMORE.I TOLD THEM I DON'T WANT THEM TO PAY MY TAXES ANYMORE I WANT REIMBURSEMENT FOR EVERYTHING THEY DID WITHOUT PERMISSION AND NOTICE AND ANSWERS.THEIR SUPERVISORS ARE SO RUDE, THE LADY SUPERVISOR TOLD ME WE HAD INTENTION TO PAY THE TAXES AND THEN WE DIDN'T PAY AND IT'S YOU FAULT FOR THAT.THIS IS CAUSING ME STRESS AND FRUSTRATION.I HAVE ALL THE EMAILS I SENT TO THEM, STATEMENTS.I NEED THIS TO BE RESOLVED.I DON'T TRUST THEM ANYMORE",MORTGAGE
15043,"CHASE CARDMEMBER SERVICES XXXX XXXX XXXX XXXX, XXXX XXXX RE : XXXX XXXX XXXX XXXX TO WHOM EVER ; I AM A XXXX VETERAN AND I AM VERY UPSET WITH THE PRACTICES OF YOUR BANK. 
XX/XX/XXXX I WAS IN A BRANCH IN XXXX XXXX AND A BANK INDIVIDUAL MENTIONED TO ME THAT THEY HAD A CREDIT CARD THAT YOU COULD TRANSFER MY BALANCE INTO THAT CARD WITH A 15 MONTH NO INTEREST OFFER. I TOLD THAT INDIVIDUAL AT THAT TIME THAT THE ONLY WAY I WOULD BE INTERESTED IN DOING ANYTHING WAS, WITH THE STIPULATION THAT THEY WOULD TRANSFER THE BALANCE ON MY OTHER CARD.. THAT WAS THE BAIT ... THE SWITCH CAME WHEN THEY ONLY TRANSFERRED LESS THAN {$2000.00} ... WHICH WAS NOT WHAT I AGREED UPON. THIS HAS NOW CAUSED MY CREDIT RATING TO DROP ALMOST XXXX POINTS. 
AT THIS POINT I AM LEFT WITH NO OTHER OPTION TO SEEK AN APPEAL ON YOUR PART BEFORE I FILE A SMALL CLAIMS COURT ACTION FOR THE GRIEF AND THE BAIT AND SWITCH TACTICS USED PLUS DAMAGES TO MY CREDIT, AND BEFORE I CANCEL BOTH MY ACCOUNTS. AS I HAVE ALREADY CLOSED THE CREDIT CARD IMMEDIATELY AFTER I RECEIVED IT.. 
IN SHORT, I WOULD LIKE YOU TO EXPUNGE THE CREDIT CARD APPLICATION FROM MY RECORDS AND NOTIFY THE PROPER CREDIT REPORTING AGENCY THAT THE REPORT YOU SUPPLIED WAS DUE TO YOUR ERROR. 
SINCERELY, XXXX XXXX XXXX XXXX XXXX XXXX XXXX XXXX XXXX XXXX, XXXX XXXX XXXX XXXXXXXXXXXX",CREDIT CARD
15044,"I DISPUTED UNAUTHORIZED CHARGES ON MY ACCOUNT RELATED TO A RENTERS INSURANCE POLICY BY THE COMPANY OF XXXX XXXX THAT I DID NOT AUTHORIZE. DESPITE PROVIDING INFORMATION THAT THE CHARGES WERE FRAUDULENT, CHASE DENIED MY DISPUTE AND FAILED TO PROPERLY RESOLVE THE MATTER.

I NEVER AUTHORIZED THE MERCHANT TO CHARGE MY ACCOUNT, AND THE CHARGES WERE ASSOCIATED WITH A THIRD PARTY. CHASE FAILED TO CONDUCT A REASONABLE INVESTIGATION AND DID NOT CREDIT MY ACCOUNT FOR FRAUDULENT TRANSACTIONS. 

THIS FAILURE CAUSED DIRECT FINANCIAL HARM AND LEFT ME RESPONSIBLE FOR UNAUTHORIZED CHARGES. 

I AM REQUESTING A FULL REFUND OF THE AMOUNTS CHARGED BY THE COMPANY, CORRECTION OF MY ACCOUNT, AND APPROPRIATE FINANCIAL COMPENSATION FOR HARM CAUSED DUE TO IMPROPER DISPUTE HANDLING.",BANK ACCOUNT OR SERVICE
15045,"I WAS OFFERED THE CAPITAL ONE XXXX XXXX CARD THROUGH THE CAPITAL APP. THERE WAS A SPENDING BONUS FOR THE FIRST 3 MONTHS FOR SPENDING OVER {$500.00} YOU RECEIVE {$200.00} THE CARD ARRIVED IN XXXX. I MET AND WENT ABOVE THE SPENDING AMOUNT AND WAS WAITING FOR MY BONUS IN XXXX BUT IT NEVER CAME, I CALLED CAPITAL ONE RECENTLY AND THEY SAID MY ACCOUNT WAS CREATED IN XXXX. A CASE WAS MADE FOR AN EXTENSION. I GOT A CALL TODAY XX/XX/XXXX AND THEY SAID THE EXTENSION IS ONLY UP TO XXXX THEY MAILED OUT THE CARD IN XXXX AND TOOK NO RESPONSIBILITY FOR THE CARD ARRIVING LATE. THE EXTENSION ALSO ONLY EXTENDS TO XXXX SO I STILL CAN'T QUALIFY FOR THE BONUS. NEVER HAD SUCH A NEGATIVE EXPERIENCE WHERE EVERYTHING WAS SET UP FOR THE CUSTOMER TO FAIL.",CREDIT CARD
15046,"IN REGARDS TO COLLECTIONS EFFORTS, MARINER FINANCE CONTINUES TO CALL MY PARENTS RESIDENCE ALTHOUGH THEY HAVE BEEN INFORMED NUMEROUS TIMES THAT IS NOT MY PHONE NUMBER AND THAT THEY ARE NOT TO CALL THAT NUMBER.",DEBT COLLECTION
15047,"I AM WRITING TO FORMALLY EXPRESS MY CONCERNS REGARDING ZELLE 'S HANDLING OF DISPUTES, PARTICULARLY, IN LIGHT OF THE RECENT CFPB LAWSUIT HIGHLIGHTING SIGNIFICANT ISSUES WITH THE PLATFORM. DISPUTE USING ZELLE NUMEROUS TIMES, AND REPORTING DISCREPANCIES, MY FINANCIAL INSTITUTION AND ZELLE FAILED TO INVESTIGATE MY CLAIMS ADEQUATELY. THEY INFORMED ME THAT RECOVERING LOST FUNDS WAS IMPOSSIBLE, AND THAT TRACKING THESE TRANSACTIONS UNFEASIBLE. THE CFPB 'S FINDING INDICATE THAT ZELLE HAS NOT ONLY NEGLECTED TO PROTECT CONSUMERS, BUT HAS ALSO ALLOWED REPEAT OFFENDERS TO EXPLOIT THE SYSTEM, LEAVING USERS VULNERABLE TO SCAMS. THIS LACK OF ACCOUNTABILITY AND TRANSPARENCY IS UNACCEPTABLE, AND RAISES SERIOUS CONCERNS ABOUT CONSUMER SAFETY.",MONEY TRANSFER OR SERVICE
15048,"LAKEVIEW LOAN SERVICING SENT ME A LETTER VIA XXXX SOLICITING ME TO REFINANCE MY MORTGAGE. THE LETTER IMPLIES THAT THEY HAVE TAKEN OVER THE LOAN FROM MY CURRENT MORTGAGE HOLDER XXXX. I DO N'T BELIEVE THIS IS TRUE. THE SOLICITATION VIA XXXX AND THE IMPLICATION THAT THEY ARE NOW MY MORTGAGE HOLDER AND THEREFORE CAN OFFER ME SPECIAL TERMS FOR REFINANCE ARE MISLEADING. IN ADDITION, THE OFFER HAS A DEADLINE OF XXXX/XXXX/XXXX. WHY THE URGENCY OF A XXXX MAILING AND A STATED DEADLINE IF THE CHANGES TO THE FHA STREAMLINE REFINANCE PROGRAM WERE ANNOUNCED XXXX/XXXX/XXXX? THE WHOLE THING - THE APPROACH, THE OFFER, THE TERMS - IS PACKAGED IN A WAY TO CONFUSE AND MISLEAD.",MORTGAGE
15049,"RECEIVED AUTO EMAIL NOTIFICATION FROM PNC BANK - REPORTED WIRE TRANSFER OF {$100000.00} + CASH WITHDRAWAL OF {$100.00}, {$400.00}, {$500.00} NEW DEBIT CARD REQUEST IN PERSON AT LOCAL PNC-XXXX XXXX XXXXXXXXFL BRANCH ( LOOKS LIKE ) END FOUR-DIGIT XXX XXXX ( AS PER AUTO GENERATED EMAIL NOTIFICATION - DO KNOW FULL NUMBER ) IN PERSON AT PNC-XXXX  XXXX XXXX - FL. - ALSO, AS PER LOCAL PNC BRANCH/BANKER WHILE LOOKING AT ACCOUNT ACTIVITY SOMEONE ALSO ADDED NEW PHONE NUMBER XXXX ( UNKNOWN NUMBER ) BY LOG IN TO SAME ACCOUNT ON XXXX XXXX AT XXXX PM. - ITS MORE THAN 3 WEEKS AND I DO NOT SEE OUR WIRE TRANSFER $ $ BACK INTO OUR ACCOUNT. 
- AS OF FRAUD ACTIVITIES I TALK TO SEVERAL BANK OFFICER IN PERSON AND OVER THE PHONE. AND PNC BANK ADMIT THAT THEIR OFFICE DID NOT FOLLOW THEIR OWN GUIDELINES AND PASS WIRE TRANSFER REQUEST WITHOUT IDENTIFYING RIGHT PERSON. 
-I FILE COMPLAIN AT ETF ONLINE. I ALSO FILE COMPLAIN AT LOCAL POLICE DEPT., AND I AM VERY IMPRESSED WITH THEIR HELP INCLUDING THEIR DETECTIVE OFFICER HELP. 
- AS OF TODAY, I AM KIND OF LOST AND DO NOT KNOW WHAT I SHOULD DO NEXT?",BANK ACCOUNT OR SERVICE
15050,"I BOUGHT MY HOUSE IN XXXX  AND WAS WITH XXXX XXXXXXXX XXXX  THEN AFTER I WAS IN MY HOME WITHIN THE FIRST YEAR MY ACCOUNT WAS GIVEN TO PENNYMAC MORGAGE CO AND EVER SINCE THEN I HAVE HAD NOTHING BUT PROBLEMS WITH THEM. EVERY YEAR SINCE I'VE BEEN WITH THEM THEY HAVE RAISED MY MORGAGE PAYMENT AND NEVER TOLD ME. WHEN I RECEIVED A LETTER STATING I WAS LATE WITH MY PAYMENT I CALLED THEM AND THEY STATED THEY EMAILED ME AND SENT A LETTER TO ME TELLING ME MY PAYMENT WENT UP. I NEVER RECEIVED ANY OF THESE. AND NOW IM BEING CHARGED {$200.00} FOR LATE FEES. WITH THE COST OF LIVING GOING UP I FELL BEHIND AND I WAS THREATENED BY FORECLOSURE LETTER IF MY ACCOUNT WASN'T BROUGHT UP TO GOOD. I CALLED THEM TO GET HELP THEY SAID I COULD APPLY FOR THEIR MORGAGE HELP, I APPLIED AND I WAS DENIED. THEIR CUSTOMER SERVICE DEPARTMENT SUCKS THEY ARE NOT FRIENDLY AND THEY WILL NOT HELP YOU. I HAVE RESEARCHED THIS COMPANY AND I HAVE FOUND THEY HAVE BEEN SUED BEFORE WITH THE SAME THING THEY HAVE AND STILL DOING TO ME.",MORTGAGE
15051,"MADE A {$50.00} PAYMENT ON XX/XX/YEAR> ON AN OUTSTANDING BALANCE OF {$160.00}. THEY PULLED {$700.00} FROM MY ACCOUNT. I HAD TO START A DISPUTE WITH MY BANK TO GET A PROVISIONAL CREDIT TO COVER MY CAR PAYMENT. THEY COULD NOT TELL ME HOW IT HAPPENED OR EVEN THAT THEY SHOWED ANYTHING WRONG ON THEIR END. HAD I NOT CHECKED MY ACCOUNT, ALL KINDS OF THINGS WOULD HAVE BOUNCED.",CREDIT CARD
15052,"HI, I USE A CHARGE CARD THAT PAYMENT IS DUE IN FULL END THE END OF THE MONTH, I HAVE SET A AUTOPAY FOR THE FULL AMOUNT DUE TO BE CHARGED AT THE DUE DATE, HOWEVER IN MIDDLE THE BILLING CYCLE I WAS NOTIFIED THAT A PAYMENT NEEDS TO BE MADE TO CONTINUE USING THE CARD. I HAD MADE XXXX PAYMENTS OF XXXX EACH, SO MY TOTAL PAYMENT DUE OF XXXX WAS NOW REDUCED TO XXXX, HOWEVER THE BANKS SYSTEM IS SET THAT EVEN IF YOU MADE PAYMENTS IT IS STILL CHARGING THE FULL AMOUNT DUE, SO AT THE DUE DATE THEY TOOK A PAYMENT OF XXXX. SO THE TOTAL THEY CHARGED ME WAS XXXX. I CALLED IN THAT NIGHT TO SEE WHAT CAN BE DONE HERE, CUSTOMER SERVICE HAD ADVISED ME TO CALL MY BANK TO REJECT THE XXXX PAYMENT, AND REDO A MANUAL PAYMENT OF XXXX. I DID THAT, HOWEVER AS SOON AS IT CAME BACK THE PAYMENT, THE BANK LOWERED MY CREDIT LINE, TRIED CALLING THE BANK RIGHT AWAY, AND THEY TOLD ME IT'S JUST TEMPORARY UNTIL THE NEW PAYMENT CLEARS THE BANK, AFTER A FEW DAYS I CALLED AGAIN, SPOKE TO A SUPERVISOR AND WAS UNWILLING TO HELP ME OR EVEN LISTEN WHAT I HAD TO SAY.",CREDIT CARD
15053,ON XX/XX/2020 AND I MADE A PHONE CALL TO JEFFERSON CAPITAL SYSTEMS AND I CONTACTED THEM IN ATTEMPTS TO RESOLVE MY PAST DUE YOU DEBT.I WAS TOLD THAT THERE WAS AN OFFER FOR {$420.00} I ASKED THE REPRESENTATIVE IF THERE WAS A LOWER OFFER AND HE SAID YES IT IS {$300.00} IF YOU PAY RIGHT NOW.I SAID OK FINE ARE YOU ABLE TO EMAIL ME SOMETHING STATING THAT THIS IS MY SETTLEMENT OFFER HE STATED NO I SAID WILL HOW DO I KNOW THAT THIS IS AN OFFER THAT WOULD RESOLVE MY BALANCE HE SAID BECAUSE I AM TELLING YOU HE THEN WENT ON TO THREATEN TO HANG UP THE PHONE AND NOT HELP ME I THEN ASKED IF I COULD SPEAK TO A SUPERVISOR AND THE SUPERVISOR THAN ADVISE ME THAT NO YES THEY CAN EXCEPT THAT BUT THEYRE NOT ABLE TO GIVE ME ANY TYPE OF CORRESPONDENCE I UNDERSTAND WHAT THE COMPANYS POLICY IS BUT AS A CONSUMER HOW DO I MAKE A PAYMENT WHEN YOURE TELLING ME THAT YES I CAN EXCEPT THIS TO RESOLVE THE DEBT BUT I CANT GIVE YOU ANYTHING STATING THAT THIS WILL RESOLVE THE BALANCE BUT IN THE PAST THEY WERE ABLE TO SEND ME THOSE CORRESPONDENCE SO I FELT THAT THAT PRACTICE WAS DECEPTIVE AND IT WAS UNFAIR BECAUSE ITS NOT THE FACT THAT IVE NEVER RECEIVED CORRESPONDENCE ITS THE FACT THAT TODAY THEYRE NOT ABLE TO GIVE ME ANY TYPE OF LETTER STATING THAT THIS WOULD RESOLVE MY ACCOUNT SO THAT MAKES ME FEEL THAT THEY ARE BEING DECEPTIVE WITH THE STATEMENT OF ALLOWING ME TO SETTLE THE ACCOUNT FOR {$300.00},DEBT COLLECTION
15054,"THIS WAS NOT SENT IN ERROR XXXX XXXX XXXX CONSUMER BY LAW AT XXXX  INFORMATION XXXX XXXX XXXX MISUSED AT XXXX  I HAVE SOME FALSE AT NOT 100 % ACCURATE XXXX XXXX XXXX UNAUTHORIZED USE OF MY CREDIT REPORT. 

HERE AGAIN IS THE INCORRECT INFORMATION BEING REPORTED : FDCPA SECTION 807 VIOLATION MISLEADING FALSE REPORTING ACCOUNT NUMBER : XXXX THIS ACCOUNT IS INACCURATE AND I'M SEEKING LITIGATION. PLEASE DELETE AT ONCE.",CREDIT REPORTING
15055,I APPLIED FOR AND RECEIVED A LOAN FROM MITIG CAPITAL. I RECEIVED XXXX ON XX/XX/2020. I CONTACTED MITIG CAPITAL ON XX/XX/XXXX. I WAS HORRIFIED TO HEAR THE BALANCE OF XXXX ON THAT DATE. I THEN MADE SURE TO HAVE THAT ENTIRE BALANCE IN MY ACCOUNT THAT WAS ON FILE WITH MITIG CAPITAL. I HAD A CONVERSATION WITH THE LOAN OFFICER ON THE XXXX OF XXXX AT MITIG CAPITAL AND SHE SAID THAT THE XXXX WHICH WAS THE ENTIRE BALANCE ON THAT DATE WOULD BE PULLED FROM MY ACCOUNT ON XX/XX/XXXX. SHE SAID THE BALANCE WOULD REMAIN THE SAME UNTIL THEN. ON XX/XX/XXXX THE FUNDS WERE NOT PULLED SO I CALLED MITIG CAPITAL. THE AGENT NAMED XXXX STATED THAT THERE WAS A PROBLEM ON THEIR END AT THAT'S WHY THE BALANCE HADN'T BEEN PULLED. HE ASSURED ME THE BALANCE WOULD BE PULLED THE NEXT DAY ON XX/XX/XXXX. I CALLED BACK THE EVENING OF XX/XX/XXXX TO MAKE SURE THERE WAS NO PROBLEM WITH MY ACCOUNT NUMBERS THAT THEY HAD ON FILE. THIS TIME I TALKED TO AN AGENT NAMED XXXX XXXX. AT FIRST HE SAID MY ACCOUNT BALANCE WAS APPROXIMATELY XXXX. I PROTESTED STATING THAT I HAVE BEEN ATTEMPTING TO PAY OFF THE ENTIRE BALANCE SINCE XXXX. HE TALKED TO A SUPERVISOR AND CALLED BACK TO STATE THAT YES THE BALANCE OF XXXX WAS STILL VALID PAYOFF AND THAT THE FUNDS WOULD BE PULLED ON XX/XX/XXXX. IT IS NOW EVENING OF THE XXXX  AND MITIG HAS NOT YET PULLED THE FUNDS TO PAY OFF THE DEBT. I AM VERY CONCERNED THAT THEY ARE STALLING AND ATTEMPTING TO RUN UP FINANCE CHARGES. I HAVE READ THAT THIS IS HAPPENED TO OTHER CLIENTS OF THEIRS. PLEASE ADVISE AND HELP IF WARRANTED ... .THANK YOU.,CONSUMER LOAN
15056,ON XX/XX/2020 I NOTICED ON MY CREDIT REPORT THAT A FRAUDULENT ACCOUNT WAS POSTING TO MY XXXX AND TRANSUNION REPORT. I PROMPTLY SENT OUT A POLICE REPORT ALONG WITH A AFFIDAVIT AND OTHER DOCUMENTS SUPPORTING THAT I INDEED WAS A VICTIM OF IDENTITY THEFT. I WAITED THE A LOTTED TIME TO SEE THIS ACCOUNT REMOVED AND INSTEAD IT WAS UPDATED. IF BY LAW I SUPPLIED THE PROPER DOCUMENTATION AND POLICE REPORT HOW COULD THAT BE?,CREDIT REPORTING
15057,"I WAS A VICTIM OF FRAUD VIA CASHAPP ON XXXXXX/XX/XXXX. I FILED & COMPLAINT AND THE XXXX AMOUNTS THE SCAMMERS STOLE FROM MY ACCOUNT VIA CASHAPP WERE RETURNED TO ME BY CASHAPP. 

XX/XX/XXXX - I RECEIVED XXXX EMAILS FROM CASHAPP INDICATING THAT "" XXXX XXXX FILED WITH THEIR BANK FOR THE $ XXXX PAYMENT YOU RECEIVED ON XX/XX/XXXX. THIS PAYMENT WILL BE REFUNDED FROM YOUR ACCOUNT ''. CASHAPP STOLE FROM MY BANK ACCOUNT THE FOLLOWING AMOUNTS : {$990.00} ; {$880.00} ; {$920.00} ; AND {$480.00}. THESE AMOUNTS WERE NEVER RECEIVED TO MY ACCOUNT FROM XXXX XXXX. 

XX/XX/XXXX - XXXX XXXX AND I WERE VICTIMS OF THE SAME SCAM ON XXXX. HE IS MY XXXX WE HAVE NEVER EXCHANGED PAYMENTS BETWEEN OUR CASHAPP ACCOUNTS. XXXX AND I HAVE VISITED HIS BANK AND MINE ON XX/XX/XXXX AND XX/XX/XXXX & XXXX HAS YET TO RECEIVE THE XXXX PAYMENTS THAT CASHAPP ALLEGES TO HAVE PAID HIM. 

WHILE THESE XXXX PAYMENTS WERE UNJUSTIFIABLY & INAPPROPRIATELY REMOVED FROM MY XXXX BANK ACCOUNT BY CASHAPP, XXXX XXXX WAS PREPARED TO JUST REFUND ME THE PAYMENTS, HOWEVER THESE PAYMENTS HAVE YET TO APPEAR IN EITHER HIS CASHAPP OR BANK ACCOUNTS. IN BOTH OF OUR ACCOUNTS, THE PAYMENTS SHOW AS "" REFUNDING ''. 

XXXX XXXX AND I HAVE, SINCE XX/XX/XXXX REPEATED CONTACTED CASHAPP VIA CHAT, PHONE & EMAIL WITHOUT RESOLUTION. XXXX, THE XXXX XXXX XXXX CONFIRMS NO RECEIPT OF FUNDS. I SAW WITH MY OWN EYES THE CASHAPP ACCOUNT OF XXXX XXXX & FUNDS ARE NOT REGISTERED THERE. I CAN CONFIRM & PROVIDE EVIDENCE THAT THE XXXX AMOUNTS WERE TRANSFERRED BY CASHAPP FROM MY BANK ACCOUNT. 

I HAVE CONTACTED MY XXXX  DEPARTMENT AND XXXX XXXX XXXX TO NO AVAIL. CASHAPP RESPONDED TO XXXX  THE SAME WAY AS PAST RESPONSES TO ME, VIA EMAIL FROM A MANAGER THAT "" WHEN A DISPUTE IS FILED AND ACCEPTED BY A BANK, CASH APP IS REQUIRED TO RETURN THE FUNDS '' EVEN THOUGH I NEVER RECEIVED ANY FUNDS AND XXXX ALLEGES NOT TO HAVE FILED A DISPUTE.",MONEY TRANSFER OR SERVICE
15058,"ON XX/XX/XXXX, MEDICAL BUSINESS BUREA ( DATE OPENED XX/XX/XXXX XXXX ADD A DEROGATORY MARK ON MY CREDIT REPORTS.MEDICAL BUSINESS BUREA DID NOT PROVIDE ME A HIPAA RELEASE THAT RELEASES MY MEDICAL INFORMATION TO THEM, THEREFORE BY PROVIDING SUCH INFORMATION THEY ARE IN VIOLATION OF MY HIPAA RIGHTS. I AM PROCEEDING WITH LEGAL ACTION AS PRESCRIBED BY LAW AGAINST THE ABOVE NAMED ORIGINAL CREDITOR/COLLECTION AGENCY SHOULD THIS ITEM NOT BE DELETED WITHIN THE REQUIRED TIME ALLOWED BY LAW. I WILL SEEK EVERY LEGAL REMEDY AVAILABLE TO ME AND FILE SUIT AGAINST THE CREDIT BUREAU RESPONSIBLE FOR REPORTING THIS VIOLATION. I URGE YOU TO TAKE THIS EXTREMELY SERIOUSLY AS I HAVE DOCUMENTED MY CASE WITHOUT ERROR. I ENCOURAGE A RESPONSE FROM YOU EXPEDITIOUSLY.",CREDIT REPORTING
15059,THE ONLY CREDIT CARD I HAVE THAT HAS ACCURANT INFORMATION IS XXXX. THE REST OF THE CARDS ARE INACCURATE. I SPENT ABOUT {$300.00} ON THE XXXX CARD AND REALIZED SOMEBODY USED MY INFORMATION AND MAX IT OUT. I GOT A STRANGE TEXT REGARDING THIS MATTER A WHILE BACK BUT NEVER REALLY THOUGHT ABOUT IT UNTIL THEY INFORMED US OF MANY ACCOUNTS GETTING SCAMMED. I RECENTLY WAS ABLE TO GET XXXX REMOVED FROM MY XXXX AND NEED IT REMOVED FROM XXXX AND TRANSUNION ASAP. THERE WAS A PREVIOUS ADDRESS FROM XXXX XXXX THAT WAS ON MY CREDIT REPORT THEN MY XXXX ACCOUNT GOT HACKED AND USED MY IDENTITY. I'M A YOUNG MOTHER AND THIS HAS DAMAGED MY LIFE AND MY CREDIT SCORE ALOT. MY XXXX  ACCOUNT MENTION THAT MY PERSONAL INFORMATION IS AT RISKED AS WELL.,CREDIT REPORTING
15060,"ON XXXX XXXX A CREDIT CARD ACCOUNT WITH XXXX XXXX XXXX IN THE AMOUNT OF {$500.00} ACCT # XXXX WAS OPENED IN MY NAME WITH OUT MY KNOWLEDGE OR CONSENT. MAILED AND BILLED TO THE ADDRESS OF XXXX XXXX XXXX, XXXX MI XXXX A HOME IN WHICH I HAVE NEVER STAYED BUT WAS BEING USED TO CREATE A FALSE IDENTITY USING MY PERSONAL INFORMATION AND HAVE GOODS MAILED IN MY NAME. I HAVE TRIED TO REACH OUT TO THIS COMPANY ABOUT THIS MATTER CONCERNING THIS FRAUDULENT ACCOUNT SEVERAL TIMES. I WAS HUNG UP ON OR IGNORED ALL TOGETHER WHEN TALKING TO CUSTOMER SERVICE REPRESENTATIVES FOR THIS COMPANY. THIS COMPANY HAS RECEIVED A COPY OF THE POLICE REPORT FILED BY ME AT MY LOCAL POLICE STATION AND FTC REPORT FROM THE FEDERAL TRADE COMMISSION NAMING THIS ACCOUNT AS FRAUDULENT BUT STILL IS TRYING TO COLLECT THIS DEBT AND IS STILL REPORTING THIS DEBT TO THE XXXX MAJOR CREDIT BUREAUS MAKING ME INELIGIBLE TO OBTAIN HOUSING OR RELIABLE TRANSPORTATION DUE TO THIS COMPANIES NEGATIVE REPORTING OF THIS FRAUDULENT ACCOUNT. THIS COMPANY HAS IGNORED ALL REQUIREMENTS OF ITS OBLIGATION OF FURNISHERS UNDER THE FAIR CREDIT REPORTING ACT 15 U.S.C. 1681S-2 SECTION 623 I HAVE TRIED ALL THAT I CAN, BUT THESE COMPANIES DO WHAT THEY WANT.",CREDIT REPORTING
15061,RECEIVED TEXTS FROM COMPANY ABOUT AN ALLEGED DEBT. I TEXTED BACK AND ASKED FOR DEBT VALIDATION. I ALSO ASKED TO CEASE AND DESIST ALL FORMS OF CONTACT. I ALSO INFORMED THEM THAT I RETAINED A BANKRUPTCY ATTORNEY AND A ) COMMUNICATIONS SHOULD BE DIRECTED TO MY ATTORNEY. THEY KEPT ON TEXTING.,DEBT COLLECTION
15062,"I CONTACTED AIDVANTAGE BY PHONE ON XX/XX/XXXX AND REQUESTED {$8900.00} IN QUALIFYING PAYMENTS TO BE REFUNDED AS PART OF THE COVID PAYMENT PAUSE. THE AGENT CONFIRMED THE AMOUNTS AND SAID HE NEEDED APPROVAL BUT SUBMITTED IT FOR ME, SAYING TO CALL BACK IN 48 HOURS IF I DIDNT SEE A CHANGE. 

I CALLED BACK ON XX/XX/XXXX AND THE AGENT COULD SEE THAT I SPOKE TO SOMEONE ON XX/XX/XXXX, BUT SAID NO APPROVAL REQUEST WAS MADE BY THEM. SHE SAID SHE SUBMITTED IT. AFTER THE CALL, I ALSO SENT AN EMAIL TO AIDVANTAGE RECAPPING THE CALL AND CONFIRMING THE REQUEST. ON XX/XX/XXXX, I RECEIVED A RESPONSE SAYING THAT THIS BRAND NEW AGENT JUST SUBMITTED MY REQUEST FOR APPROVAL, MEANING THAT IT HADNT BEEN DONE THE FIRST TWO TIMES. 

I CHECKED BACK IN VIA CHAT ON XXXX, AND THE AGENT SAID THEY SAW THAT IT WAS APPROVED BY A MANAGER AND THEY WOULD NOW PROCESS THE REQUEST. I FOLLOWED UP ON XXXX AND CONFIRMED VIA CHAT AGAIN THAT IT WAS SUBMITTED ON XXXX. 

I HAVE STILL SEEN NO BALANCE REINSTATED ON MY ACCOUNT, AND HAVE LITTLE CONFIDENCE MY REQUEST HAS MADE IT TO THE RIGHT PLACE. I KNOW THE STAFF IS INUNDATED WITH THESE REQUESTS NOW AND ARE DOING THEIR BEST AND I APPRECIATE THE HELP I HAVE RECEIVED, BUT HAD MY ORIGINAL REQUEST BEEN COMPLETED ON XX/XX/XXXX, TWO DAYS BEFORE THE FORGIVENESS ANNOUNCEMENT, I WOULD HAVE AVOIDED THIS LONG WAIT AND CONFUSION.",CONSUMER LOAN
15063,"ON XX/XX/YEAR>, I USED MY DEBIT CARD TO PURCHASE TWO XXXX XXXXXXXX "" GIFT CARDS '' OFF XXXX 'S WEBSITE FOR {$90.00} DOLLARS EACH TOTALING {$180.00} DOLLARS. 
SEE ATTACHED IMAGES. 

WHAT I GOT IN RETURN WAS TWO XXXX XXXXXXXX "" GIFT CERTIFICATES '' WHICH WAS NOT THE TITLE THAT I PURCHASED. 
I DID NOT KNOW THIS UNTIL I REACHED OUT TO XXXX XXXX TO APPLY THE SO CALLED GIFT CARDS TO MY NEWLY PURCHASED CRUISE. I FOLLOWED THE INSTRUCTIONS THAT WAS ON THE XXXX WEBSITE AND I READ ALL OF THE TERMS AND CONDITIONS. THERE ARE XXXX ISSUES WITH THESE XXXX GIFT CARDS. 

XXXX- IT IS FALSELY REPRESENTED AS GIFT CARDS THEY ARE NOT GIFT CARDS, THEY ARE GIFT CERTIFICATE THAT CAN ONLY BE USED TOWARDS THE COST OF A NEW CRUISE, IT CAN NOT BE USED FOR ANYTHING ELSE. THAT IS NEVER MENTIONED IN THE TERMS AND CONDITIONS. IT HAS THE XXXX XXXX NOT INDICATING THAT IT COULD OR COULD NOT WORK. XXXX XXXX GIFT CARDS WORK FOR EVERYTHING ON XXXX XXXX BUT XXXX 'S HEADLINE SAYS THESE ARE GIFT CARDS. 

XXXX - NO WHERE IN THE TERMS AND CONDITIONS ( SEE ATTACHED IMAGE AGAIN ) THAT IT STATED THAT YOU CAN NOT USE THESE FOR A NEW CRUISE IF THE CRUISE HAD A CASINO PROMOTION, WHICH IS HOW I BOOKED MY CRUISE. IF I READ THAT YOU CAN NOT USE THIS IF YOU BOOKED A CRUISE USING A CASINO PROMO, THEN I WOULD HAVE NEVER BOUGHT IT BECAUSE IT IS USELESS AND I AM UNABLE TO USE IT FOR ANYTHING. 

I REPORTED THIS TO BANK OF AMERICA TO DISPUTE BECAUSE I COULD NOT GET AHOLD OF ANYONE AT XXXX. MY BILLING DISPUTE WAS DENIED AND WILL NOT LET ME APPEAL OR SPEAK ON MY CASE AS I AM NOW. AFTER GOOGLING TO SEE IF THIS HAPPENED TO ANYONE ELSE, THERE WAS A LONG LIST OF PEOPLE THAT THIS HAD HAPPENED TO AND YET STILL XXXX SALES THEM AND DOES NOT UPDATE ANY VERBIAGE THAT THIS IS A GIFT CERTIFICATE, NOT A GIFT CARD",BANK ACCOUNT OR SERVICE
15064,"XX/XX/YEAR> AT XXXXXXXX XXXX XXXX {$860.00} WAS TAKEN FROM MY XXXX BALANCE UNDER THE TRANSACTION ID XXXX. IT WAS UNRECOGNIZED, UNKNOWN, AND UNAUTHORIZED. I IMMEDIATELY CALLED XXXX SUPPORT AND THEY SAW XXXX UNKNOWN ACCOUNTS CONNECTED TO MY XXXX PROFILE. BY XXXX THE SAME DAY I FROZE MY CARD LINKED TO MY XXXX, ORDERED A NEW XXXX CARD, CHANGED MY PASSWORD, AND THE XXXX SUPPORT LADY SAID SHE REMOVED THE OTHER UNKNOWN ACCOUNTS. I PUT A DISPUTE CLAIM IN TO TRY AND GET MY MONEY REFUNDED, IT WAS DENIED. MULTIPLE TIMES. XXXX TO BE EXACT. THE REASON THEY SAID IT WAS DENIED WAS THAT I WAS THE ONLY PERSON TO HAVE ACCESS TO MY ACCOUNT INFORMATION TO SEE HOW MUCH WAS IN MY BALANCE TO SPEND. WHICH COMPLETELY CONTRADICTS WHAT HAPPENED ON XX/XX/YEAR> WHEN THEY SAID THERE WAS XXXX OTHER UNKNOWN ACCOUNTS CONNECTED TO MY PROFILE. SO IT SOUNDS LIKE THEY RESOLVED THE ISSUE THAT MADE THE FRAUDULENT PURCHASE HAPPEN, BUT IN DOING SO COMPLETELY REMOVED MY ABILITY TO RECEIVE A REFUND BECAUSE, I WAS THE ONLY XXXX ABLE TO MAKE THE TRANSACTION, WHICH ISNT TRUE WHEN THERE WAS OTHER PEOPLE CONNECTED TO MY ACCOUNT.",BANK ACCOUNT OR SERVICE
15065,"I RENTED AN APARTMENT WHERE I NEEDED A LANDLINE FOR "" WORK FROM HOME '' PURPOSE. THE XXXX XXXX XXXX FIELD TECH DID NOT WANT TO INSTALL A LINE FROM THE POLE TO THE BUILDING, STATING IT WAS OLD TECHNOLOGY AND I SHOULD BE USING THE DSL LINE OPTION. FIELD TECH LEFT AND NEVER INSTALLED / ESTABLISHED SERVICES FOR THIS ACCOUNT. BUT XXXX XXXX XXXX DID GENERATE A BILL THAT SERVICE WAS DONE. I CALLED AND HAD NO LUCK WITH THE RUDE XXXX XXXX XXXX SERVICE REPS. STATED THEY ONLY GO WITH WHAT THEIR SYSTEM SAYS.",DEBT COLLECTION
15066,"I AM SUBMITTING A COMPLAINT ABOUT INACCURATE AND UNAUTHORIZED COLLECTIONS BEING REPORTED ON MY CREDIT REPORT BY EXPERIAN. I HAVE PREVIOUSLY REQUESTED THAT THE DEBT COLLECTORS HANDLING THESE ACCOUNTS CEASE ALL FORMS OF COMMUNICATION WITH ME UNDER THE FAIR DEBT COLLECTION PRACTICES ACT ( FDCPA ), SPECIFICALLY 15 U.S.C. 1692C ( C ), WHICH MANDATES THAT THEY STOP COMMUNICATION AFTER A CEASE-AND-DESIST REQUEST. NEVERTHELESS, THESE DEBT COLLECTORS CONTINUE TO REPORT THE ACCOUNTS TO EXPERIAN, WHICH SERVES AS A FORM OF COMMUNICATION THAT DAMAGES MY CREDIT SCORE AND FINANCIAL WELL-BEING. THIS REPORTING ALSO VIOLATES THE FAIR CREDIT REPORTING ACT ( FCRA ) BECAUSE IT IS BASED ON INACCURATE INFORMATION THAT REMAINS ON MY REPORT DESPITE MY DISPUTE.",CREDIT REPORTING
15067,"ON XX/XX/XXXX I RECEIVED A TEXT INQUIRING IF I MADE OR AUTHORIZED A {$550.00} EXPENDITURE AT XXXX XXXX  IT LOOKED LIKE NOTIFICATION FROM THE BANK ( WELLS FARGO ( WF ) ). I RESPONDED NO. A FEW MINUTES LATER I RECEIVED ANOTHER TEXT THANKING ME FOR THE RESPONSE AND AN AGENT WILL CONTACT ME IN A FEW MINUTES. I RECEIVED A CALL, VERIFYING FIRST/LAST NAME, LAST 4 DIGITS OF SSN, ETC. THE "" AGENT '' VERY REASSURING ASKED TO VERIFY LAST 3 PURCHASES AND ENDING BALANCE AFTER TRANSACTION. "" AGENT '' STATED VERIFYING ACCOUNT TO CLOSE AND OPEN NEW ACCOUNT. TRANSACTION HANDLED THROUGH XXXX FOR {$500.00}. I WAS AT WORK, I'M A NURSE AND DID NOT HAVE TIME TO GO TO A BRANCH TO WITHDRAW/TRANSFER. ARRANGEMENTS WERE CONFIRMED TO TO TRANSFER VIA ATM AFTER WORK. 
I DID PULL OUT {$2000.00} DOLLARS OUT OF MY ACCOUNT SO IT COULD BE CLOSED AND DEPOSITED INTO NEW CHECKING ACCOUNT. WHICH I WAS TOLD I WOULD RECEIVE I WOULD RECEIVE AN EMAIL WITH NEW ACCOUNT INFO. THEY WALKED ME THROUGH HOW TO CONVERT INTO THE THE PHONE TAP PAYMENT METHOD. THEY ALSO WALKED ME THROUGH HOW TO CHANGE THE AMOUNT OF MAX DAILY WITHDRAW FROM AN ATM. 
I DID NOT RECEIVE THE EMAIL. I CONTACTED THE BANK TO FOLLOW-UP THE EVENING OF THE 10TH AFTER I GOT OFF WORK. THAT'S WHEN I FOUND OUT THERE WAS NO RECORD OF WHAT I WAS DESCRIBING. SHE DID CONFIRM THE WITHDRAW OF {$2000.00}. I FILED A CLAIM WITH THE BANK FRAUD DEPT., FILED A POLICE REPORT, CONTACTED THE STATE ATTORNEY GENERAL, AND FILED A CLAIM WITH THE FBI. 
I RECEIVED NOTIFICATION TO DAY FROM WELLS FARGO REGARDING DENYING THE CLAIM. I CONTACTED WF TO FIND OUT THE PROCEDURE SUCH POLICY APPEAL/ADJUDICATION. I WAS TOLD THEY DON'T HAVE SUCH A POLICY.",BANK ACCOUNT OR SERVICE
15068,"CERTIFIED MAIL TO : FABCO DATE : FROM : XXXX XXXX XXXX XXXX XXXX XXXX XXXX OH XXXX RE : ACCT # TO WHOM IT XXXX CONCERN : I AM SENDING THIS LETTER TO YOU IN RESPONSE TO A NOTICE I RECEIVED FROM YOU ON XX/XX/YEAR> BE ADVISED, THIS IS NOT A REFUSAL TO PAY, BUT A NOTICE SENT PURSUANT TO THE FAIR DEBT COLLECTION PRACTICES ACT, 15 USC 1692G SEC. 809 ( B ) THAT YOUR CLAIM IS DISPUTED AND VALIDATION IS REQUESTED. 
THIS IS NOT A REQUEST FOR "" VERIFICATION '' OR PROOF OF MY MAILING ADDRESS, BUT A REQUEST FOR XXXX MADE PURSUANT TO THE ABOVE NAMED XXXX AND XXXX. I RESPECTFULLY REQUEST THAT YOUR OFFICE PROVIDE ME WITH COMPETENT EVIDENCE THAT I HAVE ANY LEGAL OBLIGATION TO PAY YOU. 
PLEASE PROVIDE ME WITH THE FOLLOWING : WHAT THE MONEY YOU SAY I OWE IS FOR ; EXPLAIN AND SHOW ME HOW YOU CALCULATED WHAT YOU SAY I OWE ; PROVIDE ME WITH COPIES OF ANY PAPERS THAT SHOW I AGREED TO PAY WHAT YOU SAY I OWE ; PROVIDE A VERIFICATION OR COPY OF ANY JUDGMENT IF APPLICABLE ; IDENTIFY THE ORIGINAL CREDITOR ; PROVE THE STATUTE OF LIMITATIONS HAS NOT EXPIRED ON THIS ACCOUNT ; SHOW ME THAT YOU ARE LICENSED TO COLLECT IN MY STATE ; AND PROVIDE ME WITH YOUR LICENSE NUMBERS AND REGISTERED AGENT. 
IF YOUR OFFICES HAVE REPORTED INVALID INFORMATION TO ANY OF THE XXXX MAJOR CREDIT BUREAUS XXXX EQUIFAX, EXPERIAN OR TRANSUNION ), SAID ACTION MIGHT CONSTITUTE FRAUD UNDER BOTH FEDERAL AND STATE LAWS. DUE TO THIS FACT, IF ANY NEGATIVE MARK IS FOUND ON ANY OF MY CREDIT REPORTS BY YOUR COMPANY OR THE COMPANY THAT YOU REPRESENT, I WILL NOT HESITATE IN BRINGING LEGAL ACTION AGAINST YOU FOR THE FOLLOWING : VIOLATION OF THE FAIR CREDIT REPORTING ACT VIOLATION OF THE FAIR DEBT COLLECTION PRACTICES ACT",DEBT COLLECTION
15069,"I WAS A VICTIM OF A CHECK SCAM INVOLVING A FAKE JOB OFFER. 
I HAD RECENTLY BEEN HIRED BY SOMEONE POSING AS AN EMPLOYER UNDER THE NAME XXXX, WHO SENT ME TWO CHECKS : ONE FOR {$19000.00} AND ANOTHER FOR {$22000.00}. I WAS INSTRUCTED TO USE THESE FUNDS TO PURCHASE OFFICE EQUIPMENT FOR A HOME-BASED OFFICE. I DEPOSITED THE CHECKS INTO MY PERSONAL BANK ACCOUNT ENDING. AFTER CONSIDERING IT, I LET THEM KNOW I PREFERRED NOT TO BE INVOLVED IN PURCHASING THE EQUIPMENT. THE SUPPOSED EMPLOYER REASSURED ME THAT IT WOULD NOT BE AN ISSUE AND SAID THEY WOULD HANDLE THE PURCHASE INSTEAD. THEY THEN INSTRUCTED ME TO WIRE THE FUNDS TO TWO SEPARATE RECIPIENTS. 
BEFORE SENDING THE FUNDS, I VISITED MY LOCAL BANK BRANCH IN XXXX TO VERIFY THE AUTHENTICITY OF THE CHECKS AND CONFIRM THE AVAILABILITY OF FUNDS. A BRANCH EMPLOYEE PRINTED A COPY OF MY ACCOUNT STATEMENT AND NOTED BOTH MY AVAILABLE BALANCE {$7900.00} AND MY TOTAL BALANCE AFTER THE CHECKS WERE DEPOSITED {$43000.00}. BASED ON THIS INFORMATION, I BELIEVED THE CHECKS HAD CLEARED UP AND THAT THE FUNDS WERE LEGITIMATE. AS INSTRUCTED, I MADE A WIRE TRANSFER FOR {$6000.00} FOLLOWED BY A SECOND TRANSFER FOR {$18000.00}. 
LATER, I WAS INFORMED VIA THE BANK THAT THE CHECKS WERE FRAUDULENT, WHICH CAUSED MY ACCOUNT TO BECOME OVERDRAWN. I IMMEDIATELY REPORTED THE INCIDENT TO THE LOCAL BRANCH REPRESENTATIVE, THE LOCAL POLICE, THE WIRE DEPARTMENT AND FRAUD PREVENTION DEPARTMENT. 
WHILE I WAS WAITING FOR A WRITTEN REPORT FROM THE FRAUD PREVENTION DEPARTMENT, AS INDICATED IN LETTER XXXX, A NOTICE FROM THE BANK ARRIVED ON XX/XX/XXXX, STATING, YOUR ACCOUNT HAS BEEN CLOSED ; PLEASE PAY THE OVERDRAWN AMOUNT...",MONEY TRANSFER OR SERVICE
15070,"HELLO, I SENT {$2500.00} IN TETHER ( USDT ) FROM MY XXXX XXXX  TO COINBASE ON XXXX. AT THE BOTTOM OF THIS PAGE IS THEIR RESPONSE AS TO WHAT HAPPENED TO MY FUNDS. 

I HAVE INCLUDED A SCREENSHOT AND URL THAT PROVES TETHER TO BE ON THEIR LIST OF SUPPORTED COINS. THERE IS NO CAVEAT TO SUPPORT THEIR EMAIL RESPONSE. 

XXXX XXXX XXXX I AM ALSO INCLUDING 2 SCREENSHOTS AND THE SNOWTRACE URL PROVING THE TRANSACTION WAS DELIVERED TO THE COINBASE ADDRESS PROVIDED TO ME BY COINBASE. 

HTTPS : XXXX HELLO XXXX, THANKS FOR CONTACTING COINBASE SUPPORT. IT APPEARS THAT THIS TRANSACTION INVOLVED USDT ( TETHER ) BEING SENT TO COINBASE. I CAN CLARIFY WHAT HAD HAPPENED HERE. 

TETHER IS A TYPE OF CRYPTOCURRENCY WHICH RUNS ON TOP OF THE XXXX AND XXXX XXXX. COINBASE ONLY SUPPORTS TETHER AS AN XXXX TOKEN AT THIS TIME. 

WHILE TRANSFERS OF TETHER ON THE XXXX BLOCKCHAIN INCLUDE A SMALL AMOUNT OF XXXX SENT TO AN ADDRESS, ANY TETHER ASSOCIATED WITH THIS TRANSACTION IS NOT ACCESSIBLE.",MONEY TRANSFER OR SERVICE
15071,"IN XXXX OF 2024 I BEGAN RECEIVING CALLS FROM PORTFOLIO RECOVERY. AFTER SPEAKING WITH A REPRESENTATIVE AND REQUESTING THEIR EMAIL AND MAILING ADDRESSES, I SENT CORRESPONDENCE REQUESTING VERIFICATION OF THE DEBT AND INSTRUCTIONS TO NOT CALL ME DURING THE HOURS OF XXXX AND XXXX EST. SINCE SENDING AN EMAIL ON XX/XX/2024 TO THE ADDRESS PROVIDED BY ONE OF THEIR REPRESENTATIVES ( XXXX ) AND WRITTEN CORRESPONDENCE VIA CERTIFIED MAIL, I HAVE RECEIVED OVER XXXX TELEPHONE CALLS FROM PORTFOLIO RECOVERY DURING THE HOURS I REQUESTED THEY NOT CALL ME. 

PORTFOLIO RECOVERY RESPONDED TO MY INITIAL COMPLAINT FILED WITH THE CFPB STATING : "" PRA REVIEWED ITS RECORDS AND FOUND NO INSTANCE IN WHICH PRA IMPROPERLY CALLED OUR CUSTOMER REGARDING THE PRA ACCOUNTS ENDING IN XXXX AND XXXX. WE REVIEWED OUR CALL LOGS AND FOUND NO RECORD THAT WE ATTEMPTED TO COMMUNICATE REGARDING COLLECTION OF THE PRA ACCOUNTS ENDING IN XXXX AND XXXX BEFORE XXXXXXXX XXXX OR AFTER XXXXXXXX XXXX. IN OUR CUSTOMERS LOCAL TIME OR AT OTHER TIMES WHEN WE KNEW OR SHOULD HAVE KNOWN WERE INCONVENIENT. '' PLEASE REFER TO THE ATTACHED EMAIL I SENT IN WHICH I REQUESTED NO TELEPHONE CALLS DURING WORK HOURS AND THE SCREENSHOTS FROM SOME OF THE NUMEROUS CALLS I RECEIVED. 

THE IMAGES PROVIDED AND EMAIL SHOW THAT PORTFOLIO RECOVERY HAS TRIED TO CONTACT ME ON NUMEROUS OCCASIONS AFTER I REQUESTED THEY NOT.",DEBT COLLECTION
15072,"WELL, I'M A VICTIM OF IDENTITY THEFT ME AND MY FAMILY. I AM ONLY XXXX XXXX XXXX AND STILL LIVE WITH MY MOM AT XXXX XXXX XXXX XXXX XXXXXXXX GA XXXX. I NEVER MOVED OUT OF THE HOUSE. 
SOMEONE USED MY INFORMATION THAT WAS LOST IN XXXX TO GET AN APARTMENT IN MY NAME I CONTACTED THE CREDIT REPORTING AGENCIES TO DISPUTE THE ITEM. THEY KEEP VERIFYING IT. 
I NEVER LIVED ANYWHERE ELSE BUT AT MY MOM 'S HOME. I NEVER HAD A APARTMENT. OR HOME ITS SHOWING ON MY CREDIT REPORT AS A COLLECTION ACCOUNT UNDER NATIONAL CREDIT SYSTEM IN THE AMOUNT OF {$6900.00}",CREDIT REPORTING
15073,"ON XXXX I HAD OPENED A NEW CHECKING ACCOUNT WITH SANTANDER BANK, N.A. I HAD USED A PROMOTIONAL CODE TO SET UP MY CHECKINGS ACCOUNT TO RECEIVE A BONUS OF XXXX $ AFTER HAVELING A DIRECT DEPOSIT OF XXXX OR ORE IN THE FIRST 90DAYS OF OPENING THE ACCOUNT. I DID REACH THE LIMIT AND I WAITED THE FULL 90DAYS. NOW IT IS WELL BEYOND 90 DAYS AND I STILL HAVE YET RECEIVED MY PROMOTIONAL AGREEMENT. I DID REACH OUT BEFORE MY 90DAYS WHERE MET AND THEY DID CONFIRM MY ACCOUNT WOULD QUALIFY FOR IT.",BANK ACCOUNT OR SERVICE
15074,"XXXX XXXX XXXX XXXX XXXX PAYMENT PROTECTION PRODUCT TO MY XXXX XXXX  XXXX  ACCOUNT WITHOUT MY KNOWLEDGE OR INFORMED CONSENT. 
I DID NOT KNOWINGLY ENROLL IN THIS PRODUCT, AND THE FEES WERE NOT DISCLOSED IN A CLEAR OR UNDERSTANDABLE WAY. 
AS A RESULT, I HAVE BEEN CHARGED MONTHLY SINCE XXXX, AND THESE IMPROPER CHARGES FALSELY INFLATED MY BALANCE AND MY REVOLVING UTILIZATION TO NEARLY 100 % FOR YEARS, HARMING MY XXXX XXXX. 
I CONTACTED THE COMPANY AND THEY REFUNDED ONLY XXXX  MONTHS, BUT REFUSED TO REFUND THE REMAINING FEES OR THE INTEREST CHARGED ON THOSE FEES. 
THEY CAN NOT PROVIDE A RECORDED CALL OR SIGNED DOCUMENT SHOWING THAT I KNOWINGLY OPTED INTO THIS ADD-ON PRODUCT. 
I AM REQUESTING A FULL REFUND OF ALL XXXX FEES AND ALL INTEREST RESULTING FROM THOSE FEES, AND CORRECTION OF ANY CREDIT REPORTING RELATED TO THESE CHARGES.",CREDIT REPORTING
15075,"OUR MORTGAGE COMPANY SLS OR SPECIALIZED LOAN SERVICING HAS NOT BEEN PROPERLY APPLYING OUR PAYMENTS TO OUR MORTGAGE LOAN ACCOUNT AND IS CONTINUOUSLY REPORTING THAT WE ARE BEHIND. THIS HAS BE AN ONGOING OCCURRENCE BUT FINALLY WITH THE HELP OF OUR HUD ADVISOR AND A SENIOR MORTGAGE LOAN OFFICER AT XXXX XXXX XXXX WE HAVE FOUND NUMEROUS MISTAKES AND MISS APPLIED FUNDS ON THE LOAN. 
IN XXXX XXXX WE RECEIVED COVID19 ASSISTANCE FROM HUD DURING OUR FORBEARANCE WITH SLS AND AT THAT TIME THEY BROUGHT OUR LOAN COMPLETELY CURRENT INCLUDING ALL PAST LATE FEES AND LEGAL FEES. AT THIS TIME WE WERE TO CONTINUE WITH OUR SCHEDULED PAYMENT ON XXXX AND THEN WE WOULD BE CLEARED TO START A REFI BECAUSE OUR HUD ADVISOR ADVISED US TO SINCE WE ARE AT 7.4 % WITH SLS AND THEY WOULD NOT MODIFY THE RATE. 
XX/XX/XXXX AND XX/XX/XXXX PAYMENTS WERE BOTH MADE EACH TOTALING {$1100.00} AND WHEN WE RECEIVED XXXX STATEMENT IT SHOWED THAT THEY HAD NOT APPLIED OUR LAST PAYMENTS TO OUR LOAN BUT INSTEAD TO XXXX LINES OF FEES TOTALING IN THE AMOUNT OF {$1100.00} WE STILL CAN'T FIGURE OUT WERE THE OTHER PAYMENT WENT. THEY ALSO STATE THE ACCT. IS DELINQUENT AGAIN AND WONT EXPLAIN WHAT THE FEES WERE FOR OR REVERSE THOSE FEES AND APPLY THE PAYMENT PROPERLY EVEN THOUGH THEY HAVE BEEN CONTACTED BY US, OUR HUD ADVISOR AND OUR XXXX SENIOR MORTGAGE OFFICER WHICH IS STOPPING OUR REFI PROGRESS. PLEASE HELP I HAVE SENT SOME DOCS THAT MY BANK HAS PROVIDE WE HAVE MORE BUT THEY HAVE LOAN # S AND SUCH IF NEEDED",MORTGAGE
15076,"I WANT THAT THESE ACCOUNT BE REMOVED BECAUSE THE PAYMENT HISTORY REFLECTS CONTINUED REPORTING A CHARGE OFF AFTER THIS ACCOUNT WAS CLOSED.THIS REPRESENT AN IMPROPER USE OF MY CRDITO REPORT. 

XXXX XXXX XXXXXXXX XXXX. XXXX",CREDIT REPORTING
15077,"I HAVE DONE BUSINESS WITH AMERICAN EXPRESS, AND THE REASON DOING BUSINESS WITH THEM WAS THEY SERVICE THAT THEY OFFER SPECIALLY WHEN IT COMES TO CHARGE THAT WAS UNAUTHORIZED OR A SERVICE THAT YOU WERE NOT SATISFIED THEY GO A NOTCH ABOVE AND TAKE CARE OF THE PROBLEM FOR YOU. OBVIOUSLY THIS WAS ALL NOTHING BUT LIES TO CONSUMERS AND I AM A PERFECT EXAMPLE TO BRING THIS TO THEIR ATTENTION THAT THE SAME THING DOES NOT HAPPEN TO ANYBODY ELSE. I SIGNED WITH A COMPANY THAT THEY ADVERTISE MONEY BACK GUARANTEED IF YOU ARE NOT HAPPY WITH THEIR SERVICE ( XXXX TAX RELIEF ). I SIGNED WITH ( XXXX TAX RELIEF ) AND HAD IT CHARGED TO MY AMERICAN EXPRESS CREDIT CARD AND AFTER TWO MONTHS I CONTACTED ( XXXX TAX RELIEF ) AND CANCELLED MY SERVICES BECAUSE THEY GIVE ME NOT EVEN ONE TRUE ANSWER ALSO CONTACTED AMERICAN EXPRESS AND TOLD THEM ABOUT WHAT JUST HAPPENED TO ME. THE PERSON ON THE PHONE WAS VERY NICE AND TOLD ME THEY ARE GOING TO TAKE CARE OF THIS MATTER FOR ME AND I DO NOT HAVE TO PAY ANY OF THE CHARGES TO ( XXXX TAX RELIEF ) AND I GET MY ACCOUNT CREDITED. AND I TOLD MY HUSBAND AND ALL OF MY FRIENDS HOW GREAT OF SERVICE I GOT DOING BUSINESS WITH AMERICAN EXPRESS. TWO WEEKS AFTER I LOOKED AT MY STATEMENT AND NOTICED THAT ALL THE CHARGES ARE BACK ON MY CREDIT CARD ALSO THEY LET ( XXXX TAX RELIEF ) TO CHARGE FEW MORE PAYMENTS TO MY ACCOUNT. AFTERWARDS I TALKED TO A SUPERVISOR AT AMERICAN EXPRESS AND THEY WERE SO RUDE AND CLOSED MY ACCOUNT AND TOLD ME I AM OBLIGATED TO PAY THEIR BALANCE. UNTIL EARLIER TODAY WHEN I TOLD A FRIEND OF MINE AND HE TOLD ME I SHOULD MAKE A COMPLAINT ON THIS SITE AND THAT IS WHAT I AM DOING NOW.",CREDIT CARD
15078,"I AM WRITING TO DISPUTE FRAUDULENT INFORMATION ON MY CREDIT REPORT PURSUANT TO 15 U.S.C 1681C-2 AND TO REQUEST THAT THIS INFORMATION BE BLOCKED. I HAVE ENCLOSED A COPY MY POLICE REPORT/FTC IDENTITY THEFT REPORT ( FTC REPORT NUMBER : TO SUPPORT MY IDENTITY THEFT CLAIM. UNDER 15 U.S.C. 1681C-2 WHEN A CONSUMER SUBMITS AN IDENTITY THEFT REPORT, CREDIT REPORTING AGENCIES MUST BLOCK ANY INFORMATION IDENTIFIED BY THE CONSUMER AS RESULTING FROM IDENTITY THEFT WITHIN XXXX BUSINESS DAYS. 
TO FOLLOWING INFORMATION ON MY CREDIT REPORT IS THE RESULT OF IDENTITY THEFT AND SHOULD BE BLOCKED : XXXX XXXX XXXX XXXX XXXX XXXX XXXX  I HAVE REQUESTED CONTRACTS FROM THIS COMPANY WITH MY INFORMATION AND FOR MORE THAN 60 DAYS I HAVE NOT RECEIVED ANY RESPONSE FROM THEM, PLEASE HELP ME IMMEDIATELY DELETE THESE ACCOUNTS. HERE I ADD THE FTC REPORT, HOPING THAT YOU MAKE A BETTER DECISION IN MY SITUATION, THANK YOU",CREDIT REPORTING
15079,"I PAID CALIBER HOME LOANS {$100.00} FOR A BROKER PRICE OPINION ( BPO ) TO SEE IF I WAS ELIGIBLE FOR PMI REMOVAL FROM MY MORTGAGE. ON THURSDAY XX/XX/XXXX A BROKER CAME TO MY HOUSE TO INSPECT THE PROPERTY TO COMPLETE THE PRICE OPINION I ORDERED. WHEN I REQUESTED A COPY OF THE DOCUMENTS COMPLETED BY THE BROKER A DIFFERENT BROKER WHO HAD NOT BEEN THE ONE TO INSPECT THE PROPERTY HAD CERTIFIED THAT THEY HAD PERSONALLY INSPECTED THE PROPERTY ON XX/XX/XXXX. 

XX/XX/XXXX : I MADE A WRITTEN COMPLAINT TO CALIBER HOME LOANS ON XX/XX/XXXX REGARDING THE ACCURACY OF THE BPO AS WELL AS MY CONCERN THAT THE BPO WAS COMPLETED BY A BROKER WHO HAD NOT ACTUALLY INSPECTED THE PROPERTY AND CERTIFIED THAT THEY HAD. THEY ALSO LISTED THE WRONG DATE OF THE INSPECTION FURTHER PROVING THE INACCURACY OF THE DOCUMENT.

XX/XX/XXXX : I CALLED CALIBER HOME LOANS TO FOLLOW UP ON MY WRITTEN COMPLAINT. THEY SAID THAT MY COMPLAINT WAS NOT COMPLETE BECAUSE I DID NOT PROVIDE RECEIPTS AND PHOTOS OF IMPROVEMENTS TO THE PROPERTY AND THAT I HAD NOT PROVIDED THREE COMPARABLE PROPERTIES TO DISPUTE THE OUTCOME OF THE BPO. I CONTENDED THAT I DID NOT NEED TO BECAUSE THE DOCUMENT I WAS CONTESTING WAS FALSIFIED. CALIBER HOME LOANS SAID THEY WOULD CALL ME BACK THE NEXT DAY AT XXXX PST. 

XX/XX/XXXX: AFTER WAITING 2.5 HOURS AFTER THE APPOINTED TIME FOR THE CALL FROM CALIBER I CALLED THEM. THEY SAID THAT THE ISSUE WAS CLOSED BECAUSE I DID NOT PROVIDE THE RECEIPTS, PHOTOS AND LIST OF COMPARABLE PROPERTIES DESPITE MY PROTEST THAT THE DOCUMENT IN QUESTION WAS FALSIFIED AND THAT SHOULD BE ENOUGH TO MERIT REPEATING THE BPO.

MY COMPLAINT IS THAT CALIBER HOME LOANS IS USING A FALSIFIED DOCUMENT TO REFUSE TO REMOVE MY PMI REQUIREMENT FOR MY LOAN.",MORTGAGE
15080,"ON EARLY XX/XX/2020, I MADE A SERVICE AGREEMENT WITH A CONTRACTOR FOR SOME UPGRADES TO MY PROPERTY AND CHARGED {$17000.00} TO MY BANK OF AMERICA CREDIT CARD VIA AN ACCESS CHECK. ON XX/XX/XXXX THE CONTRACTOR DEFAULTED A REFUSED TO CONTINUE WORKING ON MY PROPERTY STARTING THAT HE'S UNABLE TO COMPLETE THE TASK DUE TO COVID-19 AND REFUSED TO RETURN MY UNUSED MONEY. IMMEDIATELY, I OPENED A CLAIM WITH BANK OF AMERICA FOR A RESOLUTION. SUBSEQUENTLY, BANK OF AMERICA REQUESTED MULTIPLE DOCUMENTS FOR THEIR REVIEW WHICH WERE SUBMITTED WITHIN THE TIME FRAME. AFTER FIVE MONTHS OF WEEKLY CALLING, BANK OF AMERICA DENIED MY CLAIM STATING THAT I PLACED THE CLAIM MORE THAN 60 DAYS OF THE TRANSACTION. DUE TO THIS, I LOST TIME SEEKING LEGAL ACTION BECAUSE THE FINANCIAL INSTITUTION I'VE BEEN USING FOR MORE THAN 20 YEARS TOOK MORE THAN 5 MONTHS TO RESPOND TO A CLAIM THEY COULD RESPOND IN TWO WEEKS. IS THIS FAIR? THE BANK FAILED TO REPRESENT ME, FAILED IN THE ATTEMPT TO GET MY MONEY AND FRANKLY I THINK THEY DIDN'T EVEN BOTHER TO ATTEMPT AN REACH-OUT TO THE OTHER PARTY. IS IT REASONABLE FOR ONE OF AMERICA 'S BIGGEST BANK TO TAKE ADVANTAGE OF LESSER INDIVIDUAL? DOESN'T THE BANK CARRY INSURANCE? WHAT ABOUT ALL THE SERVICE FEE THEY CHARGE?",CREDIT CARD
15081,"I AM A CONSUMER AND NATURAL PERSON. I HAVE SENT OUT A CEASE AND DESIST TO DYNAMIC RECOVERY SOLUTIONS LLC XX/XX/2022, THEY RECEIVED THIS CORRESPONDENCE XX/XX/2022. THEY HAVE NOT ACKNOWLEDGED NOR SENT ME ANY INFORMATION TO VALIDATE THIS ALLEGED DEBT. THEY HAVE CONTINUED TO CALL ME WITHOUT MY CONSENT, AFTER RECEIVING SAID CORRESPONDENCE IN ATTEMPT TO ILLEGALLY COLLECT THIS ALLEGED DEBT.",DEBT COLLECTION
15082,SHELLPOINT MORTGAGE PLACED HAZARD INSURANCE ON MY PROPERTY WITHOUT MY KNOWLEDGE OR CONSENT. SHELLPOINT HIRED XXXX XXXX FOR THIS INSURANCE. I ALREADY CONTACTED BOTH COMPANIES REQUESTING CANCELLATION OF THIS INSURANCE AND THEY HAVE BOTH REFUSED TO COMPLY. I AM BEING DEDUCTED MONEY FROM MY MONTHLY PAYMENTS TO GO THIS INSURANCE AND I HAVE NO CLEAR KNOWLEDGE OF THE AMOUNT AND DATES.,MORTGAGE
15083,"WE APPLIED FOR A MORTGAGE WITH PRIMELENDING AFTER BEING PRE-QUALIFIED FOR A LOAN BECAUSE WE WERE ASSURED THAT WE WOULD CLOSE ON XXXX XXXX, 2017 AND BECAUSE OF THE LOW RATE WE WERE QUOTED. FOUR BUSINESS DAYS BEFORE CLOSING, THE LENDER STATED THAT THEY COULD NOT CLOSE THE LOAN ON THAT DATE, AND THE ONLY WAY WE COULD CLOSE THE LOAN IN A TIMELY MANNER ( AN ADDITIONAL 4 DAYS ) WAS TO GO WITH A DIFFERENT LOAN PRODUCT THAT REQUIRED LESS UNDERWRITING. THIS INCREASED OUR INTEREST RATE MORE THAN 0.5 % AND OUR CLOSING COSTS {$4000.00}. 

OUR EXTENSION WITH THE SELLER IS NOW ABOUT TO EXPIRE, AND WE HAVE NOT BEEN CLEARED TO CLOSE, EVEN AT THE HIGHER INTEREST RATE. NOT ONLY HAVE WE BEEN FORCED INTO A BAIT-AND-SWITCH SCHEME BECAUSE WE HAVE NO OTHER CHOICE AT THIS POINT, THE SELLER MAY CHOOSE NOT TO EXTEND THE CONTRACT AGAIN AND WE WILL BE IN BREACH OF CONTRACT WITH THE SELLER.",MORTGAGE
15084,"THIS ITEM IS FOR RENTDEBT AUTOMATED AND THE ORIGINAL CREDITOR IS XXXX XXXX XXXX WITH A BALANCE OF {$3600.00} IS INACCURATE BECAUSE BY LAW, I CAN BREAK A LEASE AGREEMENT. UNDER THE SERVICEMEMBERS CIVIL RELIEF ACT, ( 50 APP. U.S.C.A. 535 ) A MILITARY MEMBER WHO RECEIVES ORDERS TO MOVE OR DEPLOY CAN BREAK A LEASE AGREEMENT. I GAVE A 2 ( TWO ) MONTH NOTICE AND PROVIDED A COPY OF MY MILITARY ORDERS TO BREAK MY LEASE. THEY CONTINUED TO CHARGE FOR 3 MORE MONTHS OF RENT.",DEBT COLLECTION
15085,"I'M BEHIND IN MY CAR PAYMENTS AND AM DENIED WHEN I ASK FOR A LOAN MODIFICATION. THEY WANT ME TO PAY AND GET CAUGHT BEFORE THEY CAN DO A LOAN MODIFICATION WHICH MAKES NO SENSE. IF I CAN PAY UP THE ACCOUNT THEN I DON'T NEED HELP. IT'S LIKE THEY WANT TO TAKE MY CAR AND I AM A SINGLE MOTHER OF XXXX, A XXXX VETERAN, TRYING MY BEST. THEY KEEP SAYING YOU HAVE 13 MONTHS LEFT TO PAY. IT'S LIKE BECAUSE I'M AT THE END THEY ARE NOT WILLING AND I FEEL LIKE THEY WANT TO TAKE THE CAR BECAUSE I'M AT THE END. HOW CONVENIENT OF THEM WOULD IT BE TO TAKE MY CAR AND RESELL AND MAKE MONEY OFF OF IT, AND STILL HAVE ME OWE, FURTHER MAKING ME GO INTO A FINANCIAL CRISIS. THEY SAY I'M NOT ELIGIBLE FOR AN EXTENSION BECAUSE I USED ALL MY EXTENSIONS. I HAVE HAD 3 EXTENSIONS, BUT THEIR EXTENSIONS WERE NOT EXTENSIONS. I HAVE TO MAKE A PARTIAL PAYMENT AND STILL PAY THE REMAINDER THE NEXT MONTH. TO MY KNOWLEDGE, AN EXTENSION IS WHERE NO PAYMENTS ARE MADE FOR A MONTH OR 2 AND IN THAT CASE THAT HAS NEVER HAPPENED. THEY ALSO DECIDE WHEN THEY WANT TO PUT THAT THEY YOU ARE BEHIND ON YOUR CREDIT REPORT. I HAVE BEEN BEHIND FOR AT LEAST 5 MONTHS BUT FOR XXXX THEY WANT DECIDE THAT THEY WANT TO ADD IT TO MY CREDIT REPORT.",CONSUMER LOAN
15086,"I HAVE BEEN SENDING COMPLAINTS AND LETTERS TO TRANSUNION REGARDING A FRAUDULENT ACCOUNT ON MY CREDIT REPORT, AND THEY HAVE YET TO DELETE THIS ACCOUNT. I NOW HAVE A LETTER FROM THE ORIGINAL CREDIT CARD COMPANY STATING THAT THIS ACCOUNT WAS SOLD TO XXXX XXXX XXXX XXXX, AND THEY ARE NOT INVESTIGATING ANY FURTHER. WHY IS TRANSUNION NOT DELETING THIS ACCOUNT? I NEED YOU GUYS TO DELETE THIS ACCOUNT IMMEDIATELY. 

XXXX XXXX XXXX REVOLVING ACCOUNT WITH ACCOUNT # XXXX OPENED ON XX/XX/YEAR> AND A BALANCE OF {$0.00}.",CREDIT REPORTING
15087,"XXXX XXXX ( XXXX XXXX XXXX XXXX XXXX ) ARE REPORTING A ACCOUNT THAT DOES NOT BELONG TO ME! 

I CALLED XXXX XXXX AND SPOKE WITH REPRESENTATIVE "" XXXX '' ON XX/XX/23 "" XXXX '' COULD NOT FIND WHERE I OWED FOR THIS ACCOUNT. XXXX 'S DIRECT PHONE NUMBER IS XXXX. 

XXXX XXXX ARE VIOLATING MY RIGHTS UNDER THE CREDIT LAWS. PLEASE DELETE IMMEDIATELY.",CREDIT REPORTING
15088,"I GOT HURT AND COULDNT WORK. HAD TO HAVE RUPTURED DISTAL BICEP TENDON REATTACHED. I CALLED MORTGAGE COMPANY AND ASKED IF ANY HELP WAS AVAILABLE ; DEFERRING PAYMENTS, MODIFYING PAYMENTS, ETC. I WAS TOLD THAT THERE WAS NO HELP, THEY DONT DO DEFERRED PAYMENTS OR MODIFY LOANS. 
SINCE THEN IVE CONTACTED FHA AND THEY SAID MY MORTGAGE COMPANY MUST HELP. I HAVE BEEN UNABLE TO GET IN TOUCH WITH MY MORTGAGE COMPANY. I MESSAGE THEM ON THE WEBSITE WITH NO RESPONSE, I CALL AND IT SAYS THEY ARE CLOSED AND TO CALL THE NEXT DAY.",MORTGAGE
15089,"J.P. MORGAN CHASE HAS A BANK ACCOUNT FOR A SCAMMING LEASE-TO-OWN COMPANY CALLED XXXX XXXX XXXX ( XXXX XXXX XXXX THE OWNER OF XXXX IS XXXX XXXX. XXXX XXXX PRESSED MY HUSBAND AND I FOR {$5000.00} TO COMPLETE OUR LEASE-PURCHASE ON A HOME. WE SENT THE FUNDS TO XXXX VIA HIS XXXX CHASE BUSINESS BANK ACCOUNT ON XXXX XXXX. XXXX NEVER SENT THE FUNDS TO THE HOMEOWNER. WE WERE COMPLETELY UNAWARE OF THIS UNTIL XX/XX/2023. UPON FURTHER RESEARCH, XXXX COMPLETELY DELETED THE BUSINESS WEBPAGE ( XXXX  ) AND RENAMED HIS BUSINESS XXXX XXXX XXXX. WE REACHED OUT TO CHASES OWNER REGARDING THE ONGOING FRAUDULENT ACTIVITY, BUT DID NOT GET ANY RESPONSE. UPON FURTHER REVIEW, XXXX XXXX HAS BEEN SUED AND ARRESTED FOR SCAMMING SEVERAL TENS OF THOUSANDS OF DOLLARS FROM INDIVIDUALS LOOKING TO PURCHASE A HOME, THAT WOULD NOT NORMALLY QUALIFY A HOME LOAN. XXXX HAD THE HOME LISTING ON MAJOR HOME BUYING SITES AND A LEGITIMATE WEBPAGE. CHASE HAS MADE NOT ATTEMPT TO RECTIFY THIS SITUATION OR RETRIEVE THE FUNDS THAT WERE SCAMMED OUT OF US. THIS HAS BEEN AN ONGOING ISSUE THAT XXXX HAS PRESENTED TO MANY PEOPLE AND HAS USED CHASE BANK TO RETRIEVE THE FUNDS.",MONEY TRANSFER OR SERVICE
15090,"I HAVE TRANSFERRED MONEY USING WESTERN UNION ON XX/XX/XXXX AND ITS BEEN 7 DAYS. THE RECEIVER HAD NOT YET RECEIVED THE MONEY AND WHEN CALLED TO THE CUSTOMER SERVICE THEY ARE RUDE IN RESPONDING BY SAYING THAT THEY DON'T KNOW WHEN THE MONEY WILL BE TRANSFERRED. IS THIS THE ANSWER THAT THE CUSTOMET EXPECTS TO HAVE? 

THE CUSTOMER AGENT 'S NAME IS XXXX XXXX.",MONEY TRANSFER OR SERVICE
15091,"ON XX/XX/3021 MY ACCOUNT WAS HACKED. I WOKE ON XX/XX/2021 AND CHECKED MY ACCOUNT AND ALL MY MONEY WAS GONE. I CONTACTED MY CARD COMPANY AND FILED A DISPUTE, I WAS TOLD THAT I WILL GET A PROVISIONAL CREDIT APPLIED TO MY ACCOUNT IF I PROVIDE MY DISPUTE FORM WITHIN 10 DAYS. I SAID OK AND SENT THE CARD COMPANY MY DISPUTE FORM. SO NOW HERE IT IS XX/XX/2021 AND I WAS TOLD THE DISPUTE TEAM MADE A DECISION ON XX/XX/2021 THAT MY CLAIM WAS DENIED. I INFORMED THE REP THAT WHEN THE MONEY WAS TAKEN OUT OF MY ACCOUNT I WAS SOUND ASLEEP DUE TO THE FACT THAT I HAD TO WORK THE NEXT MORNING. THE REASON THEY SAY I WAS DENIED WAS BECAUSE THE MERCHANT TOLD THEM THAT I WAS AWARE OF THE CHARGE, BUT THAT IS NOT TRUE. I ASKED FOR THE MERCHANTS INFO AND THE CARD COMPANY COULD NOT PROVIDE ME THAT INFO. SO AS YOU CAN SEE I AM CLEARLY FRUSTRATED ABOUT THIS ISSUE. I HAVE BILLS TO PAY.",BANK ACCOUNT OR SERVICE
15092,"ONE OF MY STUDENT LOAN ACCOUNTS WERE TRANSFERRED TO SLOAN SERVICING A LITTLE OVER A YEAR AGO AND THEY BROKE THIS LOAN DOWN INTO XXXX SEPARATE LOANS. THESE XXXX LOANS HAVE BEEN REPORTING ON MY CREDIT REPORT AS HAVING XXXX MISSED PAYMENTS FOR THE LAST YEAR ; HOWEVER, WHEN I CALLED SLOAN THIS MONTH THEY CONFIRMED THAT MY LOANS HAVE NEVER BEEN LATE AND THAT THEY WOULD BE FILING A COMPLAINT ON MY BEHALF. THIS HAS SEVERELY DAMAGED MY CREDIT SCORE BY DROPPING MY SCORE OVER XXXX POINTS FOR SOMETHING THAT HAS NEVER ACTUALLY OCCURRED. FURTHERMORE, I MADE SEVERAL COMPLAINTS WITH YOUR AGENCY XXXX MONTHS AGO IN REGARDS TO MY ORIGINAL LOAN SERVICER, ( NELNET ), WHO WAS ALSO REPORTING INACCURATE LATE PAYMENTS, AND THOSE HAVE BEEN RECTIFIED TO REFLECT ONLY XXXX MISSED PAYMENTS, SO IT IS POSSIBLE THAT WHEN PART OF MY LOANS WERE TRANSFERRED TO SLOAN, THOSE INACCURACIES TRANSFERRED WITH THEM AND THEY WERE NEVER UPDATED WITH SLOAN. ADDITIONALLY, EVEN THOUGH MY NELNET PAYMENT HISTORY HAS BEEN UPDATED, MY SCORE HAS NEVER BEEN UPDATED WITH ALL THREE BUREAUS, AND THEY NEED TO UPDATE MY SCORES TO REFLECT THESE ERRORS WHICH DROPPED MY SCORE BY OVER XXXX POINTS. THEY HAVE KEPT MY SCORE THE SAME DESPITE UPDATING THE ERRORS THAT ARE RESPONSIBLE FOR CAUSING SUCH DRASTIC DROPS IN POINTS TO MY CREDIT SCORE ACROSS ALL THREE BUREAUS. SLOAN WILL VALIDATE THAT ALL XXXX ACCTS REPORTING ON MY CREDIT REPORT AS HAVING XXXX MISSED/LATE PAYMENTS IS COMPLETELY WRONG, AND THAT I HAVE NEVER BEEN DELINQUENT, AND AM CURRENT AS TO DATE. THIS INFORMATION NEEDS TO BE REPORTED ACCURATELY ON MY REPORTS AND MY SCORES NEED TO BE UPDATED TO REFLECT THESE ERRORS THAT ARE RESPONSIBLE FOR DRASTICALLY DROPPING MY CREDIT SCORES ACROSS ALL THREE BUREAUS AS I SHOULD NOT HAVE HAD ENDURED SUCH DRASTIC SCORE DROPS FOR ERRORS BEING REPORTED WRONGLY.",CREDIT REPORTING
15093,"I'VE PREVIOUSLY SUBMITTED MY COMPLAINED AGAINST TSI COLLECTION SERVICES BY THEIR CLIENT XXXX, XXXX AFTER MY NAME WAS PLACED ON THE DEBT COLLECTION LIST WITHOUT MY AUTHORIZATION. THE COMPANY DENIES THAT IT IS THEIR CLAIM VIA ADVERSE ACTION AND IN VIOLATION OF 12 CFR 1002.9 REGULATION B. I WOULD LIKE REMEDY IN THIS PROCESS",DEBT COLLECTION
15094,"I AM DISPUTING THE ACCURACY AND VALIDITY OF A COLLECTION ACCOUNT BEING REPORTED ON MY CREDIT FILE. 

I MADE MULTIPLE GOOD-FAITH ATTEMPTS TO CANCEL MY GYM MEMBERSHIP AT ANYTIME FITNESS PRIOR TO THE BILLING DATE OF XX/XX/XXXX, BUT THE GYM WAS UNREACHABLE AND PROVIDED NO RESPONSE. DESPITE THESE DOCUMENTED PRE-BILLING CANCELLATION ATTEMPTS, THE ACCOUNT WAS BILLED AND LATER SENT TO COLLECTIONS. 

BEFORE XX/XX/XXXX : I MADE REPEATED PHONE CALLS TO THE GYM LOCATION TO CANCEL MY MEMBERSHIP. I HAVE CALL RECORDS SHOWING THESE ATTEMPTS. NO CALLS WERE ANSWERED, AND NO RETURN CONTACT OR VOICEMAIL OPTION WAS PROVIDED. 

AFTER XX/XX/XXXX : I RECEIVED A MESSAGE STATING THAT MY ACCOUNT WAS DUE. 
XX/XX/XXXX : I SENT A WRITTEN CANCELLATION EMAIL. 

XX/XX/XXXX : I SENT A SECOND WRITTEN CANCELLATION EMAIL AFTER RECEIVING NO RESPONSE. 

XX/XX/XXXX : I WAS INFORMED BY XXXX MAJOR CREDIT BUREAUS ( XXXX ) XXXX MY CREDIT REPORT NOW INCLUDES AN ACCOUNT THAT IS IN COLLECTION STATUS WORTH AROUND {$200.00}. 

XXXX XXXX : I FORWARDED THE CANCELLATION EMAIL TO ANYTIME FITNESS AGAIN AND I RECEIVED A CALL A FEW HOURS LATER FROM THE XXXX XXXX XXXXXXXX ( XXXX XXXX AND THE COLLECTION AGENCY THAT MY XX/XX/XXXX EMAIL WAS RECEIVED BY THE GYM ; HOWEVER, NO RESPONSE WAS EVER PROVIDED BECAUSE IT WAS UNDER A DIFFERENT MANAGEMENT THAT WAS IRRESPONSIBLE AND THERE IS NOTHING THEY CAN DO AT THIS POINT. 

DESPITE THESE GOOD-FAITH ATTEMPTS TO CANCEL, THE ACCOUNT WAS SENT TO COLLECTIONS AND IS NOW BEING REPORTED AS A VALID COLLECTION ACCOUNT.",DEBT COLLECTION
15095,A MONEY TRANSFER TO MY ACCOUNT WAS MADE AND I HAD NO ACCESS TO THE ACCOUNT TO SEND THE MONEY BACK TO THE PERSON THAT SENT THE MONEY SO I CONTACTED CASH APP TO HELP ME ACCESS MY ACCOUNT AND THEY WOULD GIVE ME THE RUN AROUND WITH TRYING TO ACCESS MY ACCOUNT,MONEY TRANSFER OR SERVICE
15096,HI I AM SUBMITTING THIS XXXX XXXX THIS ISN'T ANY INFLUENCE AND THIS IS NOT A THIRD PARTY. TRANSUNION HAS LOW AND UNFAIR CREDIT NUMBER FOR ME IN THEIR REPORT. I HAVE COMPLAINED. THE PROBLEM HAS NOT BEEN RESOLVED. MY FICO HAS ME AT A CREDIT SCORE OVER 719TRANSUNION HAS ME AT A SCORE AROUND 590. THAT IS A HUGE DIFFERENCE. TRANSUNION PAINTS ME AS A XXXX. MY FICO SAY I HAVE GOOD CREDIT. WHAT THE HECK IS GOING ON HERE. I HAVE ALMOST NO DEBT AND MY IDENTITY WAS STOLEN CAUSING MY SCORE TO DROP N I MADE THIS CLEAR FOR 60 DAYS STRAIGHT WITH TRANSUNION I SPOKE TO A REPRESENTATIVE AGENT NAME XXXX AND XXXX AND XXXX FROM THE FRAUD DEPARTMENT I PREFER TO SPEAK TO A US REPT BUT THEY REFUSED THEY HAD ME ON MUTE FOR 4 HOURS WHICH WAS HURTFUL I HAVE A PERFECT REPAYMENT RECORD. I HAVE VERY LOW CREDIT UTILIZATION. I HAVE THREE NEGATIVE CREDIT ITEMS OUTSTANDING DEBT NOW. I HAVE MODEST BUT OK INCOME. SOCIAL SECURITY. SOMETHING IS WRONG WITH TRANSUNION. I DO NOT UNDERSTAND WHY THEY ARE ABUSING CONSUMERS .THIS WAS A FIST STEP TOWARDS ATTEMPTING RESOLUTION. THEY KEPT LYING TELLING ME THEY DISPUTED N ITS NOT REPORTING BUT IT KEEP REPORTING THIS INACCURATE INFORMATION WITHOUT MY AUTHORIZATION. THEY REFUSED OR WERE UNABLE TO VERIFY N REMOVE THE INQUIRIES AND ITS BEEN 60DAYS N THEY RECORD THE CALLS N ADMITTED THEY HAD MY POLICE REPORT N FTC AND AFFIDAVIT THAT WAS AFTER ATTEMPTING TO CONTACT TRANSUNION MORE THAN 21 TIMES. TRANSUNION IS AN ABUSIVE COMPANY. THEY ARE SUPPOSED TO BE PROTECTING CONSUMERS. THEY NEED TO BE REIGNED IN. THEY ARE CAUSING ME SEVERE XXXX AND STOPPING ME FROM GETTING THIS JOB OFFER N NOW IM HOMELESS N CANT PROVIDE TO MY XXXX XXXX XXXX XXXX PLEASE HELP ME PLEASE IM DEPRESSED NOW.WITH NO HELP.,CREDIT REPORTING
15097,"I CONTACTED YOU ALL MENTIONING A MISPLACED CARD AND AN UNAUTHORIZED CHARGE OF OVER {$500.00} ON MY CARD. MY RESPONSE FROM WELLS FARGO WAS SINCE THE CARD WAS INSERTED THEN THEY CAN NOT ISSUE A REFUND. I HAVE MADE A POLICE REPORT AND WAITING FOR THEM TO GET BACK TO ME. 

HERE IS MY PREVIOUS STATEMENT ; "" HELLO, I AM FINDING OUT ABOUT YOU ALL AFTER SOME RESEARCH ON THE WEB. I HAVE BEEN DEALING WITH WELLS FARGO FOR A BIG PURCHASE ON MY CARD FOR ABOUT A YEAR NOW. I TOLD THE WELLS FARGO TEAM ABOUT UNKNOWN CHARGES ON XX/XX/2022 FOR {$650.00} AT XXXX AND {$39.00} AT XXXX XXXX. I TOLD WELLS FARGO I HAD LOST MY CARD AND FOUND IT LATER THAT DAY WITH SECURITY NOT THINKING IT WAS USED SINCE IT WAS STILL IN MY WALLET WHEN IT RETURNED TO ME. I LET THEM KNOW THAT I AM MAINLY WORRIED ABOUT THE {$650.00} CHARGE AND THEY TOLD ME THEY WOULD GET BACK TO ME. MONTHS WENT BY AND I CONTACTED THEM AGAIN THEY TOLD ME THEY ARE STILL INVESTIGATING. MORE TIME WENT BY, ANOTHER CALL, AND I WAS TOLD I WOULD NOT BE GETTING A REFUND SINCE MY CARD PIN WAS ENTERED. WHEN TELLING WELLS FARGO ABOUT THIS CHARGE I LET THEM KNOW THAT I DO NOT SHOP AT HIGH-END STORES AND TO PLEASE CHECK MY ACCOUNT AND SEE THAT THIS IS AN UNUSUAL CHARGE. I WAS TOLD SINCE THE PIN WAS ENTERED IN I WOULD NOT SEE MY MONEY. PLEASE HELP. '' AFTER BEING A CUSTOMER OF OVER 8 YEARS WITH NO CHARGES LIKE THIS ON MY STATEMENTS THIS IS XXXX RESPONSE IN SHORT ; "" WHILE WE EMPATHIZE WITH YOU UNDER REGRETTABLE CIRCUMSTANCES, WE RESPECTFULLY DECLINE YOUR REQUEST TO REIMBURSE YOUR ACCOUNT FOR TRANSACTIONS YOU AUTHORIZED. WE RECOMMEND YOU REACH OUT TO THE MERCHANTS DIRECTLY FOR FURTHER RECOVERY EFFORTS. '' I HAVE REACHED OUT TO THE STORE, THE STORE TELLS ME TO CONTACT MY BANK MY BANK TELLS ME TO CONTACT THE STORE. 

NEED THIS FIXED PLEASE AS OVER {$500.00} MISSING IS PRETTY WORRYING.",BANK ACCOUNT OR SERVICE
15098,"OK THEXX/XX/XXXX TRANSFERWISE WHICH EXCHANGES CURRENCY AND FUNDS. ADVERTISED A NEW BORDERLESS ACCOUNT THAT YOU CAN USE TO TRANSFER MONEY AND PAY BILLS WITH IN DIFFERENT CURRENCIES. I EXCHANGED POUNDS STERLING INTO DOLLARS {$600.00}.

I WAS TOLD SEVERAL TIMES BY TRANSFERWISE STAFF THAT PAYMENTS CAN BE DEBITED AND BILLS PAID.

WHEN I MADE THE PAYMENT ON THE XX/XX/XXXX. THE MONEY {$600.00} WAS RETURNED BECAUSE TRANSFERWISE CHANGED THERE MIND AND DECIDED NOT DEBIT ANY ACCOUNT EVEN THOUGH I WAS TOLD I WOULD. BECAUSE I WAS USING THAT MONEY TO PAY MY CREDIT CARD THOSE FUNDS WERE PAST DUE AND MY ACCOUNT IS IN DELINQUENT SIGNIFICANTLY DECREASING MY CREDIT SCORE. MY CREDIT CARD COMPANY CHARGED ME {$110.00} CENTS IN LATE FEES AND INTEREST CHARGES. I WAS TOLD VIA PHONE ON SATURDAY XX/XX/XXXX BY A MEMBER OF TRANSFERWISE CALLED XXXXXXXX XXXXV THAT ANY LATE CHARGES OF FEES WILL BE REIMBURSED BY TRANSFERWISE FOR ANY INCONVENIENCE CAUSED. ALSO I FILLED A COMPLAINT AND NO ONE RETURNED MY CALLS. I CALLED 5-6 TIMES AND YET MY COMPLAINT WAS IGNORED AND TRANSFERWISE REFUSED TO HONOR THE PAY EVEN THOUGH THEY SAID THEY WOULD. TRANSFERWISE HAS MISLED ME THROUGH FALSE ADVERTISING AND REFUSES TO BE ACCOUNTABLE FOR THERE MISTAKES",MONEY TRANSFER OR SERVICE
15099,CASHAPP IS HOLDING XXXX $ OF MY MONEY IN LIMBO AND WILL NOT LET ME WITHDRAW THE XXXX $ OUT OF MY ACCOUNT THIS IS CRAZY ITS BEEN OVER A MONTH AND A HALF AND THEY KEEP GIVING THE SAME EXCUSE AND CLOSED MY ACCOUNT UPON RECEIVING THE XXXX $ I JUST WANT TO WITHDRAW MY MONEY MY ACCOUNT IS UNDER XXXX I HAVE SENT THEM MULTIPLE COMPLAINTS AND REACHED OUT FOR HELP NOTHING AT ALL IN RESPONSE PLEASE HELP!,MONEY TRANSFER OR SERVICE
15100,"ACCOUNT : XXXX I HAVE CALLED NUMEROUS TIMES AND EITHER MY ACCOUNT INFORMATION WAS NOT UPDATED PROPERLY OR I GET HUNG UP ON AFTER SITTING ON HOLD FOR HOURS WAITING FOR AN ESCALATION TO THE SUPERVISOR. 

THIS ENTIRE PROCESS IS A NIGHTMARE.",BANK ACCOUNT OR SERVICE
15101,I LIVED IN THIS APARTMENT COMPLEX 2 YEARS AGO I JUST RECEIVED BY MAIL ON XX/XX/XXXX OF WHAT I OWE THEM I MOVED OUT IN XXXX I WAS NEVER LATE ON RENT I MOVED OUT A MONTH EARLY WHICH THEY TOOK MY DEPOSIT FOR THEY ARE STATING I OWE XXXX BECAUSE THEY HAD TO REPLACE THE WHOLE FLOOR IN THE APARTMENT. I TOLD THEM THEY HAVE THE WRONG APARTMENT BECAUSE I DID NOT DAMAGE THE FLOORING SHE STATED TO ME THEY TOOK PICTURES I ASKED HER TO PROVIDE THAT EVIDENCE TO ME AND XXXX THE PROPERTY MANAGER STATED TO ME SHE WOULD SEND IT XX/XX/XXXX AND ITS XX/XX/XXXX AND I STILL SAVE NOT RECEIVED IT. I LEFT EMAIL AND MESSAGES NO RESPONSE. I ONLY FOUND OUT BECAUSE IT SHOWED UP ON MY CREDIT A FEW MONTHS BACK THEY NEVER PROVIDED ME WITH THE DEBT A 3RD PARTY DID. I DO NOT OWE THIS DEBT AND I CANT GET A RESPONSE FROM ANYONE AND ITS EFFECTING MY CREDIT AND STOPPING ME FROM GETTING APPROVED TO MOVE INTO ANOTHER PLACE. I ALSO DID NOT GIVE THEM ANY PERMISSION TO GIVE ANY INFO TO THIS 3RD PARTY ( IQ DATA ) IVE PUT IN MULTIPLE DISPUTES AND NOTHING IS HAPPENING. IVE ASKED FOR PROOF OF LEGAL DOCUMENTS THAT OWE THIS DEBT TO IQ DATA AND THEY REFUSE TO PROVIDE AND I HAVE A RECORDING. BUT I ALSO HAVENT RECEIVED PROOF THAT I OWE THIS TO XXXX XXXX XXXX XXXX XXXX. I ALSO PASSED EVERY INSPECTION THEY HAD AND WAS NEVER LATE PAYING MY RENT OR CAUSED ANY ISSUES WITH THIS COMPANY. THEY ALSO MOVED ME INTO AN APARTMENT THAT KEPT GETTING ROACHES AND IVE REPORTED THAT AS WELL AS A CLOSET THAT WAS FULL OF MOLD WHERE ONLY MAINTENANCE CAN ENTER HAD THAT DOOR NOT POPPED OPEN I WOULD HAVE NEVER KNOWN. PLEASE HELP ME I HAVE XXXX XXXX AND WE ARE TRYING TO GET A HOUSE.,DEBT COLLECTION
15102,"ON XX/XX/XXXX AND XX/XX/YEAR>, I RECEIVED XXXX LEGITIMATE BUSINESS PAYMENTS THROUGH XXXX XXXX TOTALING {$700.00} ( {$300.00} AND {$400.00} ). SHORTLY AFTER, XXXX ABRUPTLY CLOSED MY XXXX ACCOUNT WITHOUT WARNING OR EXPLANATION. ON XX/XX/XXXX, I RECEIVED A GENERIC EMAIL SAYING THE FUNDS WOULD BE HELD FOR XXXX DAYS TO PROTECT BOTH PARTIESBUT I DID NOTHING WRONG AND RECEIVED NO SPECIFIC REASON FOR THE CLOSURE. 

I REQUESTED CLARIFICATION AND ASKED WHEN I WOULD RECEIVE MY MONEY, BUT XXXX HAS NOT PROVIDED REAL ANSWERS. THESE PAYMENTS WERE EARNED FOR COMPLETED SERVICES, AND I RELY ON THIS INCOME. THERE WERE NO DISPUTES OR CHARGEBACKS, AND I HAVE NO HISTORY OF FRAUD OR VIOLATIONS. 

XXXX REQUESTING XXXX THINGS : XXXX. IMMEDIATE RELEASE OF THE {$700.00} THEY ARE HOLDING XXXX. REOPENING OF MY XXXX ACCOUNT, AS THERE IS NO VALID REASON IT SHOULD HAVE BEEN CLOSED IN THE FIRST PLACE PLEASE HELP ME RESOLVE THIS. I JUST WANT ACCESS TO THE MONEY I WORKED FOR AND THE TOOLS TO KEEP RUNNING MY BUSINESS.",MONEY TRANSFER OR SERVICE
15103,"MISSING BANK STATEMENTS ( XXXX ) - HUNTINGTON CLOSED MY ACCOUNTS WITHOUT CAUSE AND REMOVED MY ACCESS TO MY ONLINE BANKING.

- I NEED ALL OF MY BANK STATEMENTS FOR ALL ACCOUNTS- HUNTINGTON REFUSES TO PROVIDE MY BANK STATEMENTS - RESOLVE BY PROVIDING ALL STATEMENTS FOR ALL ACCOUNTS : - EMAILED TO ME IN .PDF FORMAT - BROKEN DOWN BY ACCOUNT, THEN BY YEAR",BANK ACCOUNT OR SERVICE
15104,"I HAVE BEEN INVOLVED IN AN ONGOING DISAGREEMENT WITH THE AMAZON CREDIT CARD FIRM -- CHASE BANK USA NA REGARDING THEIR CREDIT CARD RULES AND A DISPUTED LATE FEE CHARGE WHICH IS NOW COMPOUNDING. I OWE NO OTHER MONIES TO SAID FIRM ; ONLY THE LATE FEES AND PENALTIES ARE IN QUESTION. I JUST GOT OFF THE PHONE WITH THEIR REPRESENTATIVE, XXXX XXXX. SHE TOLD ME NOTHING WOULD BE DONE TO EXPLAIN, CORRECT OR AMELIORATE THE SITUATION AND "" HAVE A NICE REST OF YOUR DAY ''. SHE TOLD ME THAT I WAS PROPERLY INFORMED REGARDING THE CANCELLATION OF SAID CARD AND THAT ACCORDING TO THE RECORDING OF THE EVENT I WAS GIVEN 30 DAYS TO REDEEM MY POINTS. I DO N'T KNOW IF XXXX XXXX IS LYING OR MERELY MISINFORMED BUT THIS WAS NOT THE CASE. NOR DID ANYONE AT ANY TIME MAKE ANY EFFORT TO EXPLAIN TO ME WHAT ARE THE ACTUAL RULES REGARDING MY USAGE OF THE AMAZON/CHASE CREDIT CARD. I DOUBT THAT THIS FURTHER EFFORT AT SEEKING EQUITY WILL MAKE ANY DIFFERENCE BUT AT LEAST I WILL HAVE MADE A FORMAL COMPLAINT AGAINST AND COMPANY AND POLICY I CONSIDER TO BE ENTIRELY WICKED.",CREDIT CARD
15105,ON XX/XX/YEAR> I CONTACTED AMERICAN EXPRESS TO ENROLL IN THEIR HARDSHIP PROGRAM TO LOWER MY MINIMUM MONTHLY PAYMENT TO {$74.00} AND PER THE AGREEMENT I HAD TO MAKE THE FIRST MONTHLY PAYMENT ON XX/XX/XXXX WHICH WAS SATISFIED. THE AGREEMENT STATES THAT THE NEXT MONTHLY PAYMENT WOULD BE WITHDRAWN ON XX/XX/YEAR> BUT AMEX WITHDREW A PAYMENT ON XX/XX/XXXX WITHOUT MY AUTHORIZATION WHICH OVERDREW MY BANK ACCOUNT. I SPOKE WITH THEM 5 TIMES AND THEY PUT IT IN WRITING THAT THEY WOULD REFUND ME BECAUSE IT WAS A MISTAKE ON THEIR END BUT I HAVENT RECEIVED A REFUND. EVERY TIME I CALL THEM THEY TELL ME A DIFFERENT STORY ABOUT REFUNDING ME AND I EVEN ASKED THEM TO APPLY THE REFUND TO MY UPCOMING PAYMENT. THEY ALSO REFUSED TO PAY THE OVERDRAFT THAT THEY CAUSED. THEY TELL ME THAT THEYLL HAVE A MANAGER CALL ME AND NOBODY CALLS AND THEY REFUSE I RETURN MY MONEY.,CREDIT CARD
15106,"TO CFPB, MY NAME IS XXXX XXXX, I HAVE ASKED LAKEVIEW MORTGAGE TO CLOSE MY FHA CASE NUMBER BECAUSE I WAS GOING WITH A DIFFERENT MORTGAGE COMPANY THAT GAVE ME A BETTER RATE AND I FELT MORE COMFORTABLE WITH. THEY HAVE TOLD ME THAT IT WAS DONE BUT IT HAS NOT BEEN COMPLETED.I AM NOT ABLE TO CLOSE BECAUSE THEY HAVE A FILE STILL OPEN WITH THE FHA. I HAVE CONTACTED LAKEVIEW AS WELL AS THE MORTGAGE COMPANY THAT I AM GOING WITH HAS CONTACTED THEM, TO ASK THEM TO CLOSE THE FILE, AS WELL AS GIVE THEM THE STEPS TO CLOSE THE FILE NUMBER SO I CAN CLOSE ON MY MORTGAGE. THEY HAVE NOT DONE SO AND IT HAS BEEN OVER 3 WEEKS NOW. 
I HAVE SPOKEN TO XXXX XXXX THE MORTGAGE LOAN ORIGINATOR HIS CONTACT NUMBER IS XXXX OR XXXX NMLS # XXXX / COMPANY NMLS # XXXX. I HAVE ALSO CONTACTED THE LOAN PROCESSOR XXXX XXXX XXXX XXXX XXXX , XXXX ON BEHALF OF LAKEVIEW LOAN SERVICING HER NUMBER IS XXXX. 
THIS HAS COST ME OVER {$2000.00}. I HAVE SENT EMAILS AND PHONE CALLS STILL TO NO AVAIL. LAKE VIEW IS TELLING ME THAT THEY HAVE CANCELLED IT BUT WHEN MY MORTGAGE COMPANY GOES TO CHECK THE FHA FILE IS STILL NOT CLOSED THAT LAKE VIEW HAS PULLED WITH THE FHA. I FEEL AS THOUGH THEY ARE PLAYING WITH MY FINANCES AND MY CREDIT BY NOT CLOSING THE FILE THEY HAD PULLED WITH THE FHA AFTER NUMEROUS CALLS AND EMAILS AND A FORM OF RETALIATION BECAUSE I CHOSE A DIFFERENT MORTGAGE COMPANY TO DO MY STREAMLINE REFINANCE. 
PLEASE HELP ME TO GET THIS RESOLVED. I HOPE THEY ARE NOT DOING THIS TO OTHER PEOPLE. 
THIS IS COSTING ME TIME, MONEY AND ENERGY THAT IS UNNECESSARY. 
IF YOU HAVE FURTHER QUESTIONS DO NOT HESITATE TO CALL ME. 
THANKS, XXXX XXXX XXXX",MORTGAGE
15107,I JUST PULLED UPDATE OF MY CREDIT REPORT AND I DONT SEE ANY CHANGES! I ALREADY SEND FEW ROUNDS OF DISPUTE AND TOLD YOU THAT I HAVE NO IDEA WHERE THESE ACCOUNTS CAME FROM. IM SURE THAT SOMEONE USE MY PERSONAL INFORMATION,CREDIT REPORTING
15108,"I HAVE CONTACTED PAYPAL SEVERAL TIMES 3 TIMES ON XX/XX/XXXX WITH REGARD TO CHANGING THE NAME THEY HAVE LISTED ON A BUSINESS ACCOUNT. PAYPAL ALLOWED ONE OF MY EMPLOYEES TO OPEN THE ACCOUNT FOR THE BUSINESS, BUT LISTED THE EMPLOYEES NAME AS THE OWNER OF THE ACCOUNT. 

WHEN CONTACTING PAYPAL, THEY REFUSED TO CHANGE THE NAME ON THE ACCOUNT EVEN WHEN PROVIDED WITH INFORMATION ON THE OWNER OF THE BUSINESS WOULD KNOW. THEY ALLOWED OPENING OF THE ACCOUNT WITHOUT VERIFYING THE SAME INFORMATION THEY HAVE REQUESTED ME TO PROVIDE. 

THE REQUESTED INFORMATION WAS : 1 ) LETTER ON COMPANY LETTERHEAD DICTATING THE REQUEST.
2 ) PHOTO ID - DRIVER 'S LICENSE 3 ) SOCIAL SECURITY CARD 4 ) COMPANY DOCUMENTS ( CERTIFICATE OF ORGANIZATION, LETTER FROM BANK, ETC ) THE REQUESTED INFORMATION WAS PROVIDED VIA FAX TO XXXX. I VERIFIED THE NUMBER AS I WAS NERVOUS SENDING SUCH SENSITIVE DOCUMENTATION VIA FAX AS IT COULD BE USED FOR IDENTITY THEFT. THE AGENT VERIFIED THIS AS THE CORRECT FAX NUMBER. 

I CONTACTED PAYPAL AGAIN TODAY ( XX/XX/XXXX ) AS I HAD NOT HEARD ANY RESPONSE. I WAS TODAY INFORMED THAT THE FAX NUMBER SHOULD HAVE BEEN XXXX. THE AGENT APOLOGIZED, BUT INFORMED ME THERE WAS NOTHING THAT COULD BE DONE AND INSISTED THE ERROR MUST HAVE BEEN ON MY END.",BANK ACCOUNT OR SERVICE
15109,"LAUREL ROAD HAS A CHECKING ACCOUNT PROMOTION WHERE IF ONE DEPOSITS XXXX XXXXXXXX IN DIRECT DEPOSITS A MONTH, THE CUSTOMER WILL GET A {$20.00} BONUS THE FOLLOWING MONTH. I HAD XXXX XXXXXXXX IN DIRECT DEPOSITS FROM MY EMPLOYER INTO MY CHECKING ACCOUNT FOR THE MONTH OF XXXX AND THEY HAVE NOT COUNTED ANY OF IT TOWARDS THE BONUS. I REACHED OUT AND ASKED FOR CLARIFICATION AND THEY TOLD ME IT IS NOT A DIRECT DEPOSIT ALTHOUGH I HAVE THE PAYSLIPS. THIS IS A VIOLATION OF THEIR OWN TERMS & CONDITIONS. I'D ALSO MENTION THAT THIS IS THE SECOND CFPB COMPLAINT I HAVE HAD TO MAKE TO GET LAUREL ROAD TO REPLY SERIOUSLY AND INVESTIGATE.",BANK ACCOUNT OR SERVICE
15110,"MY FIRST LATITUDE SECURED CREDIT CARD ACCOUNT WAS CLOSED, AND I AM OWED A REFUND ( $ XXXX ) OF MY SECURITY DEPOSIT/CREDIT BALANCE. 
UNDER REGULATION Z, TRUTH IN LENDING ACT ( 12 CFR 1026.11 ), A CREDIT CARD ISSUER MUST REFUND ANY CREDIT BALANCE WITHIN 7 BUSINESS DAYS OF ACCOUNT CLOSURE OR WRITTEN REQUEST. 
FIRST LATITUDE FIRST TOLD ME THAT A REFUND CHECK WAS MAILED ON XXXX XXXX. HOWEVER, WHEN PRESSED FOR DETAILS, THEY LATER ADMITTED THAT NO CHECK WAS EVER ISSUED.THEY HAVE PROVIDED ME WITH NO CHECK NUMBER, NO MAILING CONFIRMATION, AND NO TRACKING INFORMATION.AS OF TODAY, IT HAS BEEN OVER A MONTH SINCE THE ACCOUNT WAS CLOSED, AND I STILL HAVE NOT RECEIVED MY REFUND.

THIS MEANS FIRST LATITUDE HAS FAILED TO COMPLY WITH FEDERAL LAW AND HAS WITHHELD FUNDS THAT RIGHTFULLY BELONG TO ME.",CREDIT CARD
15111,"I WAS IN A XXXX XXXXXXXX AT THE TIME THIS LOAN WAS OBTAINED. WITH PERMISSION FROM MY TRUSTEE. 
EXETER GRANTED LOAN BUT WOULD NOT PROVIDE ANY INFO, THEY SAID BECAUSE I WAS IN A XXXX. ALTHOUGH THEY WERE NOT ANY OF THE CREDITORS INVOLVED. 
I HAD TO FILE COMPLAINTS TO GET ANY INFO. I PREFER TO EMAIL RATHER THAN CALL BECAUSE THEY TALK OVER ME AND PUSH MY BUTTONS. I WAS TOLD WHEN THE XXXX WAS DISCHARGED I WOULD HAVE ACCESS TO MY ACCOUNT. IT WAS XXXX XX/XX/2021. 
MY HUSBAND PASSED THE END OF XXXX AND I REQUESTED A PAYMENT HISTORY AND A PAY OFF AMOUNT. 
WHICH AFTER EMAILING XXXX XXXX - XXXX XXXX AND FILING A COMPLAINT WITH THE TEXAS XXXXI GOT MY INFO. 
ALSO, THEY LIFTED THE RESTRICTIONS ON MY ACCOUNT WHICH I WAS UNAWARE OF, UNTIL I GOT A STATEMENT. 
I WAS BEHIND BECAUSE I HAD BEEN TRYING SINCE XXXX TO GET INFORMATION. NEXT THING I KNOW I. GETTING NASTY COLLECTIONS CALLS. 
A PAYMENT WAS PAYMENT TO BRING ACCOUNT CURRENT. BUT THEY WOULDNT LET ME EXPLAIN. 


NOW ID LIKE TO REFINANCE THIS CAR AND GETAWAY FROM THIS SHADY FINANCE COMPANY, I CANT BECAUSE THIS LOAN IS NOT REPORTED TO ANY CREDIT BUREAUS. 

IS THAT LEGAL TO HIDE A LOAN?",CONSUMER LOAN
15112,WAS DOING A REVERSE MORTGAGE BUT BECAUSE THEY ONLY CAN ADD OR TACK SO MUCH ON THE ORIGINAL LOAN WE DID NOT CLOSE.AT THAT TIME I HAD BEEN PROMISED BY MY REVERSE MORTGAE PROFESSIONALS SUPERVISOR THAT AAG WOULD PAY CERTAIN BILLS THAT INCURRED WHEN -LIKE THE MOLD INSPECTION ETC.THAT WASIN XXXX NOW IT IS XXXX AND I HAVE RECEIVED IMVOICES FOR THE BILLS.XXXX TOLD ME TO FAX THE INVOICES TO HIM AND HE WOULD SEE WHAT HE COULD DO.ALL HE SAID WAS THAT WE DID NOT CLOSE SO CONSEQUENTLY THEY COULD NOT PAY THE INVOICES.THIS IS MY BASIC COMPLAINT-HIS SUPERVISOR ASSURED ME THAT THEY WOULD PAY THESE BILLS,MORTGAGE
15113,"ON XXXX XXXX 2015, PAYPAL CREDIT CONDUCTED, WITHOUT MY AUTHORIZATION, A HARD CREDIT CHECK ON MY CREDIT CARD ACCOUNT AND REPORTED THIS CHECK TO XXXX XXXX ON XXXX XXXX 2015. I DID NOT VERBALLY OR IN WRITING DO A PAYPAL CREDIT APPLICATION. I DID NOT CONTACT PAYPAL CREDIT FOR A NEW CARD. I DID NOT CONTACT PAYPAL CREDIT FOR A NEW CREDIT LIMIT OR A DIFFERENT INTEREST RATE FOR MY EXISTING PAYPAL CREDIT CARD ACCOUNT. I TRIED, UNSUCCESSFULLY, TO RESOLVE THIS WITH PAYPAL CREDIT BY PHONE ON XXXX XXXX. I HAVE SENT PAYPAL CREDIT A LETTER DEMANDING THAT THEY PROVIDE ME WITH PROOF OF MY AUTHORIZATION TO CONDUCT A HARD CREDIT CHECK ON MY ACCOUNT -- WHICH IS GOOD STANDING. IT IS MY UNDERSTANDING THAT IF I DID NOTHING TO MERIT SUCH A CREDIT CHECK THAT PAYPAL CREDIT MUST LEGALLY TAKE ACTION TO HAVE THIS REPORT REMOVED FROM MY CREDIT RECORD.",CREDIT REPORTING
15114,"ON XXXX I WENT TO A XXXX XXXX GAS STATION AT XXXX XXXX, XXXX, XXXX  XXXX XXXX GET DIESEL GAS FOR MY XXXX XXXX TRUCK. I ATTEMPTED TO GET GAS AT THE FIRST PUMP BUT THE PUMP STOPPED, WOULDN'T GENERATE A RECEIPT AS WELL DECLINED THE TRANSACTION HOWEVER, THERE WERE FUNDS IN THE ACCOUNT. I ATTEMPTED TO TRY AGAIN BUT THE SAME THING HAPPENED SO I MOVED TO ANOTHER PUMP AND USED A DIFFERENT CARD WHICH ALLOWED THE {$72.00} TRANSACTION TO GO THROUGH. I CHECKED MY ACCOUNT TO SEE WHY THE CARD DIDN'T WORK AND NOTICED XXXX PENDING TRANSACTIONS OF {$100.00}. I WENT INSIDE TO TELL THE CASHIER ABOUT THE PENDING TRANSACTIONS OF {$100.00} EACH AND WAS TOLD THAT WAS THE AMOUNT OF THE HOLD HOWEVER, I EXPLAINED BOTH TRANSACTIONS WERE DECLINED SO THE CASHIER SAID I NEEDED TO CONTACT THE BANK. MY TRUCK CAN'T HOLD {$270.00} SO I CALLED NAVY FEDERAL CREDIT UNION TO REPORT THE ERROR BUT WAS TOLD THE TRANSACTIONS WERE PENDING AND I WOULD HAVE TO WAIT FOR IT TO DROP OFF BEFORE THE FUNDS WOULD BE RELEASED. I CALLED BACK XXXX DAYS LATER WHEN I NOTICED THE CHARGES WERE POSTED AND WAS TOLD BY THE CUSTOMER SERVICE REP THAT THERE WAS NOTHING THEY COULD DO SO I WOULD NEED TO GO BACK TO XXXX XXXX I'VE GOT GAS FROM THAT GAS STATION MULTIPLE TIMES AND NEVER WAS THE PENDING HOLD FOR {$100.00} BUT ONLY A PENDING CHARGE OF {$1.00}. THE PUMPS NEVER PROVIDED RECEIPTS FOR EITHER TRANSACTION. NAVY FEDERAL CREDIT UNION WILL NOT INVESTIGATE THE TRANSACTIONS. I DON'T HAVE {$200.00} TO GIVE AWAY.",BANK ACCOUNT OR SERVICE
15115,"ON XX/XX/XXXX, I INITIATED A XXXX TRANSACTION OF {$1300.00} TO A DOMESTIC COMPANY FOR XXXX  APPLICATION SERVICES. THE FUNDS WERE NOT RECEIVED BY THE RECIPIENT. 

I RECEIVED AN EMAIL FROM BANK OF AMERICA NOTIFYING ME THAT THE TRANSACTION WAS ON HOLD AND DIRECTING ME TO CALL A SPECIFIC PHONE NUMBER. WHEN I CALLED, THE AUTOMATED SYSTEM PROVIDED CONFUSING AND INCORRECT INSTRUCTIONS. MY CALLS TO A SPECIALIST WERE REPEATEDLY DISCONNECTED.

ON FRIDAY, XX/XX/XXXX, I FINALLY REACHED A REPRESENTATIVE AND WAS GIVEN CONFLICTING INFORMATION. FIRST, I WAS TOLD THE MONEY WAS "" UNDER REVIEW '' BY A BANK OF AMERICA TEAM. LATER, A DIFFERENT REPRESENTATIVE TOLD ME THE FUNDS WERE "" BLOCKED BY OFAC '' AND THAT I NEEDED TO CONTACT OFAC MYSELF. A THIRD PERSON STATED IT WAS A BANK OF AMERICA INVESTIGATION AND THAT THE TEAM HAD LEFT FOR THE WEEKEND.

DURING ONE OF THESE CALLS, A REPRESENTATIVE ATTEMPTED TO HELP ME BUT PROVIDED INCORRECT INSTRUCTIONS, ASKING ME TO FILL OUT A FORM THAT REQUIRED MY EMPLOYER 'S AUTHORIZATION, WHICH IS COMPLETELY IRRELEVANT TO THIS PERSONAL TRANSACTION. 

ON MONDAY, XX/XX/XXXX, I ATTEMPTED TO RESOLVE THIS AGAIN WITH BANK OF AMERICA, BUT WAS ONCE MORE TOLD TO CONTACT OFAC DIRECTLY. I ALSO ESCALATED MY COMPLAINT TO A SUPERVISOR, WHO REPEATED THE SAME INSTRUCTION TO CONTACT OFAC.

BANK OF AMERICA HAS FAILED TO PROVIDE ME WITH ANY OFFICIAL, WRITTEN EXPLANATION FOR THE HOLD ON MY FUNDS. MY ONLY COMMUNICATION HAS BEEN THROUGH INCONSISTENT AND UNHELPFUL PHONE CALLS. AS A PRIVATE CONSUMER, I BELIEVE BANK OF AMERICA IS FAILING IN ITS LEGAL OBLIGATION TO PROPERLY HANDLE THE DUE DILIGENCE AND COMMUNICATION WITH OFAC REGARDING THIS LEGITIMATE TRANSACTION, AND IS IMPROPERLY PLACING THIS BURDEN ON ME.",MONEY TRANSFER OR SERVICE
15116,"MY LOANS WERE FORGIVEN VIA XXXXXXXX XXXX XXXXXXXX AND PER THE SETTLEMENT AGREEMENT, I AM OWED A REFUND. I'VE SUBMITTED XXXX "" COMMENTS '' ON MY XXXX XXXXXXXX THAT HAVE GONE UNANSWERED. I'VE SUBMITTED XXXX "" FEEDBACK '' CASES ON MY PORTAL. I DID RECEIVE A COUPLE OF RESPONSES VIA EMAIL, TELLING ME THE REFUND REQUEST OF {$XXXX} WAS SUBMITTED ON XX/XX/YEAR>. TODAY IS XX/XX/YEAR> AND THEY CAN NOT GIVE ME ANY UPDATE ON THE STATUS. I JUST WANT TO KNOW HOW TO GET MY MONEY FROM THEM.",CONSUMER LOAN
15117,"THIS IS XXXX XXXX, WHO IS SUBMITTING THIS CFPB COMPLAINT MYSELF, AND TO INFORM YOU THAT THERE IS NO THIRD PARTY INVOLVED IN THE PROCESS. REGARDLESS OF THE MULTIPLE WRITTEN REQUESTS, THE UNVERIFIED ACCOUNTS LISTED BELOW ARE STILL REPORTING ON MY CREDIT REPORT IN VIOLATION OF FEDERAL LAW. THE TRANSUNION CREDIT BUREAU FAILED TO COMPLY WITH THE FAIR CREDIT REPORTING ACT, 15 USC SECTIONS 1681I WITHIN THE TIME DECLARED BY LAW AND CONTINUED REPORTING OF UNCONFIRMED INFORMATION WHICH NOW, GIVEN ALL MY ATTEMPTS TO ADDRESS IT DIRECTLY WITH THE CREDITOR, AS WILLFUL NEGLIGENCE AND NON-COMPLIANCE WITH FEDERAL STATUTES. PLEASE REMOVE THE FOLLOWING ACCOUNTS COMPLETELY FROM MY CREDIT REPORTS : LATE CLOSED : XXXX XXXX XXXX BALANCE : {$0.00} XXXX XXXX BALANCE : {$4500.00} COLLECTION : XXXX XXXX XXXX : {$220.00}",CREDIT REPORTING
15118,"XXXX XXXX  XXXX XXXX XXXX XXXX XXXX, AZ XXXX DEAR SIR, REGARDING THE REVIEWS WRITTEN ON XX/XX/XXXX OF 2024 ON CFPB COMPLAINTS NUMBERS XXXX AND XXXX, I WOULD LIKE TO REQUEST YOUR COMPANY, XXXX XXXX, TO ASK THE BANK OF AMERICAN BRANCH XXXX XXXX XXXX XXXX XXXX, XXXX XXXX FL XXXX TO SEND ME THE WRITTEN FORMAT LETTERS, WHICH I CAN OPEN THE ENVELOP AND READ THE CONTENT. YOUR EMPLOYEE STATED THIS BRANCH MUST HAVE SENT ME THE INFORMATION AND INVESTIGATION RESULT ; HOWEVER, SINCE I COULD NOT FIND OUT THIS INFORMATION IN MY ONLINE BANKING ACCOUNT. SINCE I HAVE CONTINUED TO HAVE ISSUES ONLINE AND BEYOND, I HAVE DECIDED NOT TO OPEN ANY LINKS WHICH MIGHT BE SUSPICIOUS, SUCH AS IRREGULAR USAGE OF IMAGES ONLINE SENT TO MY EMAIL ADDRESSES WITH UNFAMILIAR SENDER EMAIL ADDRESS. WOULD YOU ASK YOUR RELATED BRANCH EMPLOYEE TO SEND THIS INFORMATION THROUGH OFFICIAL BANKING ACCOUNT? 
EVEN THOUGH YOU HAVE MENTIONED THREE CREDIT REPORT COMPANIES, I HAVE ALREADY CONTACTED AND STILL IN DISPUTES INCLUDING WITH THY COMPANYXXXX XXXX XXXX. 
SINCERELY,",BANK ACCOUNT OR SERVICE
15119,"I ATTENDED THE SCHOOL AND COULDN'T AFFORD TO KEEP GOING I DROPPED OUT OF THE SCHOOL BEFORE THE NEXT SEMESTAR BEGAN AND DID THE EXIT REVIEW IN THEIR FINANCIAL AID OFFICE TO NOT ALLOW MORE MONEY TO BE TAKEN OUT FOR A LOAN. BUT, THEY TOOK OUT THE MONEY ANYWAY FOR THE NEXT SEMESTER AND THEY ARE NOW NOT EVEN CONTACTING ME TO GET THIS RESOLVED. I HAVE CALLED THEM OVER FIVE TIMES AND EVERY TIME I CALLED THEY WERE IN A MEETING WHICH WAS THEIR EXCUSE. I EVEN WENT TO THE SCHOOL OFFICE AND THEY DID NOTHING EITHER SAYING THE SAME ANSWER THE PERSON I NEED TO SPEAK TO IS IN A MEETING OR ON LUNCH ETC. THEY SENT THIS OVER TO A COLLECTION AGENCY EVEN THOUGH THEY TOLD ME THAT I WOULDN'T GET CHARGED FOR THE NEXT SEMESTER. THIS IS FRAUD AND FURTHER RUINING MY CREDIT.",CONSUMER LOAN
15120,"ON XX/XX/YEAR>, I RECEIVED A CALL FROM SANTANDER AT XXXX XXXX WHICH IS OUTSIDE OF THE ALLOTTED TIME FOR ANY COLLECTIONS COULD TAKE PLACE. I HAVE INCLUDED A SCREENSHOT OF THE CALL AND THE TIME IN WHICH IT TOOK PLACE.",DEBT COLLECTION
15121,"PORTFOLIO RECOVERY ASSOCIATES IS IN VIOLATION OF FCRA BY ADDING AND REPORTING TO CREDIT REPORTING AGENCIES AN ADDRESS THAT I HAVE NEVER LIVED AT OR BEEN ASSOCIATED WITH AS DELIVERABLE BY USPS  OR OTHERWISE. AS A RESULT MY PERSONAL INFORMATION AND PRIVACY HAS BEEN COMPROMISED AND IS REPORTING INACCURATE INFORMATION. 

I SPOKE TO FRAUD XXXX XXXX AT XXXX ON XX/XX/XXXX WHO VERIFIED THAT THE ADDRESS I WAS DISPUTING WAS REPORTED BY PORTFOLIO RECOVERY ASSOCIATES ON XX/XX/XXXX. I HAVE ALSO ATTACHED COPIES OF MY CREDIT REPORT THAT SHOWS THE ADDRESS ID # REPORTED BY PORTFOLIO RECOVERY ASSOCIATES COLLECTION ACCOUNTS ON MY CREDIT REPORT. 

METHOD OF XXXX REASON : PROVIDE PROOF OF ANY AND ALL EVIDENCE THAT A REASONABLE INVESTIGATION WAS CONDUCTED TO ENSURE COMPLETE ACCURACY OF INFORMATION YOU ARE REPORTING ON MY CREDIT REPORT. 

XXXX  XXXX XXXX XXXX XXXX XXXXXXXX, REQUIRES ASSIGNMENT OF DEBT BE MANIFESTED BY WRITTEN AGREEMENT AND PROOF OF ASSIGNMENT MUST BE PROVIDED.",CREDIT REPORTING
15122,"ON XX/XX/YEAR> AT APPROX XXXX I PLACED A {$10.00} BILL I RECEIVED AS CASHBACK FROM XXXX OF THE CASHIERS AT THE XXXXXXXX XXXX XXXX XXXX XXXXXXXX XXXX, XXXX NV XXXX INTO THE BITSTOP, ( XXXX ) XXXX, ATM MACHINE LOCATED INSIDE THE AFFORMENTIONED LOCATION. I ATTEMPTED TO PURCHASE ( XXXX ) XXXX XXXX FROM THIS BITSTOP XXXX AS I HAD DONE ONCE BEFORE ON XX/XX/YEAR> ; EXCEPT ON THIS SPECIFIC AFFORMENTIONED DATE AND TIME THIS BITSTOP MACHINE TOOK MY {$10.00} BILL AND DID NOT DISPENSE MY ( XXXX ) XXXX XXXX! I CALLED BITSTOP XXXX NUMBER ON XX/XX/YEAR> AT XXXX AND SPOKE TO XXXX WITH BITSTOP TO FILE A COMPLAINT! I ALSO SPOKE DIRECTLY WITH THIS XXXX XXXX XXXX XXXX AT APPROX XXXX ON XX/XX/YEAR> TO FURTHER DOCUMENT MY COMPLAINT. LATER ON XX/XX/YEAR> I WAS CONTACTED VIA EMAIL BY XXXX WITH BITSTOP AND ADVISED MY {$10.00} WOULD BE REFUNDED IF I CREATED A XXXX WALLET AND SENT HIM MY XXXX WALLET ADDRESS WHICH I DID VIA EMAIL ON XX/XX/YEAR>. AS I HAVE STILL NOT RECEIVED MY REFUND, MY EMAILS HAVE CONTINUED TO BITSTOP CUSTOMER SERVICE REPRESENTITIVE XXXX AND TODAY, XX/XX/YEAR> I CALLED THE BITSTOP CUSTOMER SERVICE XXXX NUMBER AGAIN AND SPOKE TO XXXX REQUESTING RESOLUTION FOR MY {$10.00} TAKEN BY THE AFFORMENTIONED BITSTOP XXXX. XXXX HUNG UP THE PHONE ON ME AND I AM STILL WAITING ON MY {$10.00} BE REFUNDED TO ME.",MONEY TRANSFER OR SERVICE
15123,"INFORM YOU OF POTENTIAL IDENTITY THEFT THAT I HAVE ENCOUNTERED UPON RETURNING FROM MY OVERSEAS TRIP. WHEN I ATTEMPTED TO LOG INTO MY CREDIT KARMA ACCOUNT, I DISCOVERED MULTIPLE CREDIT ACCOUNTS OPENED IN MY NAME THAT I DID NOT AUTHORIZE, AS WELL AS THE CLOSURE OF ONE AUTO LOAN ACCOUNT WITHOUT MY CONSENT.

I BELIEVE I HAVE TAKEN THE NECESSARY STEPS TO NOTIFY THE APPROPRIATE AUTHORITIES REGARDING THIS ISSUE, INCLUDING FILING A REPORT WITH THE LOCAL POLICE AND OTHER RELEVANT ORGANIZATIONS. I AM REACHING OUT TO THE FTC TO PROVIDE DOCUMENTATION AND SEEK GUIDANCE ON FURTHER ACTIONS I SHOULD TAKE TO PROTECT MYSELF AND RECTIFY THIS SITUATION. 

I APPRECIATE YOUR ATTENTION TO THIS MATTER AND LOOK FORWARD TO ANY ASSISTANCE YOU CAN PROVIDE IN RESOLVING THESE UNAUTHORIZED ACTIVITIES.",CREDIT REPORTING
15124,"ON XXXX XXXX I PURCHASED TWO XXXX WATCHES FROM BEST BUY FOR XXXX PRESENTS. I ENDED UP NOT GIVING THE WATCHES AS GIFTS. ON XXXX XXXX THROUGH THE BESTBEST.COM I INITIATED THE RETURN OF THE TWO WATCHES. BEST BUY PROVIDED THE SHIPPING LABELS. I ELECTED TO RETURN THE WATCHES BY DROPPING OFF AT A LOCAL XXXX STORE. UNDER COVID-19 TERMS I AM CONSIDERED XXXX XXXX. I DID NOT WANT TO VISIT A BEST BUY STORE AND STAND IN LINE TO MAKE THE RETURNS. ON XXXX XXXX I VISITED XXXX STORE AND DROPPED OFF THE TWO WATCHES. THE WATCHES HAD TO BE RETURNED BY XX/XX/XXXX. ON XX/XX/XXXX, L SPOKE TO XXXX AT BEST BUY AND WAS TOLD I WOULD SEE A CREDIT ON THE XXXX STATEMENT. AFTER THE XXXX STATEMENT WAS POSTED IT DID NOT SHOW ANY CREDIT FOR THE RETURNS. ON XX/XX/XXXX I OPENED A DISPUTE WITH BEST BUY CREDIT SERVICES. BEST BUY CREDIT SERVICES DENIED THE DISPUTE AND SAID I WAS RESPONSIBLE FOR THE CHARGES. I THEN RESUBMITTED ON XX/XX/XXXX MY DISPUTE BY SENDING BY CERTIFIED MAIL A DOCUMENT CONTAINING FOURTEEN PAGES OF PROOF. I HAVE NOT RECEIVED ANY FURTHER COMMUNICATIONS FROM BEST BUY CREDIT SERVICES.",CREDIT CARD
15125,"DATES ARE INCLUDED IN THE ATTACHED DOCUMENT. ACTIONS OR "" ACTIONS '' ARE DESCRIBED THEREIN, TOO. THE AMOUNTS WERE DISCLOSED IN THE PREVIOUS COMPLAINT ( # XXXX ). IN NUTSHELL, I OWN HOUSE, THAT IS MY ONLY HOME, I.E. I WILL BE HOMELESS  IF I LOSE IT, THAT LOST A LOT OF VALUE AFTER 2008, SO IT IS NOT NEARLY WORTH AS MUCH AS THE MORTGAGE ON IT. THE MORTGAGE IS NOT IN MY NAME AND WAS NOT MY RESPONSIBILITY, BUT MY EX-WIFE 'S, WHO ABANDONED THE PROPERTY AND DEFAULTED ON MORTGAGE. THE PREVIOUS SERVICER ( XXXX XXXX  ) WAS NEGOTIATING WITH ME THE LOAN MODIFICATION IN MY NAME, UNTIL THEY SOLD THE MORTGAGE TO SELENE FINANCE, THAT PROMPTLY PUT ME IN FORECLOSURE. THEY REFUSE TO NEGOTIATE WITH ME, AND ARE TRYING TO ESCHEW THE MANDATORY LEGAL PROCESS. THEY ARE NOT NOTIFYING ME, MY ATTORNEY, OR THE MEDIATOR ABOUT THEIR ACTIONS, AND INSTEAD SEND THEIR DECISIONS TO MY EX-WIFE WHO DOES NOT LIVE HERE, HOPING THAT I WILL NOT RECEIVE THEM AND RESPOND TO THEM. THIS ILLEGAL BEHAVIOR MUST STOP.",MORTGAGE
15126,"THIS IS SECOND COMPLAINT SINCE PNC MORTGAGE DOES NOT SEEM TO UNDERSTAND THE UNFAIR AND ILLEGAL PRACTICES. MY MORTGAGE WAS BOUGHT BY PNC FROM ANOTHER COMPANY. SINCE THAT TIME IT IS BEEN MY WORST NIGHTMARE. I HAVE PAID ALL PAYMENTS ON TIME THROUGH AUTO PAY WITH MY BANK. SINCE THE TIME OF PURCHASING THIS HOME, IT HAS REQUIRED COMPLETE RENOVATION DUE TO THE CONDITION OF THE HOME WHEN PURCHASED. BECAUSE OF THIS NEED, MY LOAN WAS SET UP SUCH THAT IT REQUIRED PMI. WITH PMI COMES THE ESCROW REQUIREMENT. AFTER ALLOWING MY INSURANCE TO LAPSE BECAUSE THEY DID NOT COMMUNICATE WITH THE INSURANCE COMPANY DURING THE HURRICANE, IT TOOK MY FOOTWORK, ETC TO CORRECT THE PROBLEM. SINCE THAT INCIDENT, MY INSURANCE WILL NO LONGER BE PAID THROUGH THE ESCROW. A DOCUMENT WAS SENT ON XX/XX/XXXX INDICATING PNC WILL NO LONGER PAY THE INSURANCE. IN ADDITION, REQUESTED HAVING THE PMI AND ESCROW REMOVED. PNC INSISTS BECAUSE OF THE 80/20 RULE THEY CAN NOT REMOVE THE PMI AND ESCROW. BECAUSE OF THEIR INSISTENCE, I ORDERED AN APPRAISAL COSTING OVER {$400.00}. IT WAS PROVIDED TO PNC PROVING THE VALUE WAS SIGNIFICANTLY HIGHER AND THEREFORE PMI AND ESCROW SHOULD BE REMOVED. NOW THEY ARE SAYING DESPITE THEM HOLDING ME LAND LOCKED, NOW THEY WILL ORDER AN APPRAISAL BUT I WILL BE REQUIRED TO PAY {$500.00}. THEY WILL NOT ACCEPT THE APPRAISAL WHICH ALREADY PROVES THE ISSUE YET WOULD NOT ORDER ONE UNTIL I PAID TO PROVE THEY WERE INCORRECT. WITH ALL THAT, THEY ARE SAYING I OWE HIGHER PAYMENTS FOR ESCROW DESPITE INSURANCE WILL NO LONGER BE PAID, TAXES WENT DOWN BECAUSE HOME IS NOW HOMESTEAD AND VALUE WAS PROVEN HIGHER. PNC ACTUALLY OWES MY MONEY BACK DUE TO EXCESS ESCROW FOR INSURANCE. THIS IS A SHORTENED VERSION, THIS DOES NOT INCLUDE THE LOST PAYMENTS, UNABLE TO TAKE "" PARTIAL '' PAYMENTS SO GOOD LUCK PAYING OFF A LOAN EARLY WITH ANY VARIANCE TO YOUR PAYMENTS. PNC SHOULD BE INVESTIGATED INCLUDING GOVERNMENTAL AUDITS.",MORTGAGE
15127,"I HAVE AN ACCOUNT WHICH IS REPORTING XXXX XXXX ACCOUNT XXXX XXXX THIS ACCOUNT HAS ALWAYS BEEN PAID ON TIME. I NOTICED A LATE PAY REPORTING ON MY CREDIT REPORT IN XX/XX/2021. ACCORDING TO MY KNOWLEDGE THIS ACCOUNT HAS ALWAYS BEEN PAID ON TIME. 
I MAILED OUT A REQUEST TO THE ADDRESS LISTED ON THE CREDIT REPORT TO REQUEST PAYMENT HISTORY ETC. I DIDN'T GET A RESPONSE THEREFORE I AM REACHING OUT IN THE HOPES TO GET THIS MATTER RESOLVED. I WOULD LIKE TO OBTAIN COPIES OF THE ORIGINAL CONTRACT ALONG WITH PAYMENT HISTORY FOR THE DURATION ON THIS ACCOUNT.",CREDIT REPORTING
15128,"PORTFOLIO RECOVERY BOUGHT THE DEBT FROM XXXX XXXX AS OF LAST YEAR FOR TWO CARDS IN THE TOTAL AMOUNT OF {$3200.00} ONE CARD IS FOR {$1200.00} AND THE OTHER CAPITAL ONE CARD IS FOR {$2000.00} ALTHOUGH THE DEBT IS NEARLY 3 1/2 YEARS OLD. I DIDN'T RECEIVE ANY DOCUMENTATION OF MY RIGHT TO DISPUTE OR ANY PAPERWORK FOR THAT MATTER. THE NEXT THING I KNOW THEY'RE TRYING TO TAKE ME FOR COURT AND THEY DIDN'T HAVE AN AMOUNT AND NO INFORMATION SPECIFICALLY UNDERLYING MY "" CASE ''. I DO NOT LIKE THE FACT THAT THIS COMPANY IS TRYING TO BULLY ME INTO PAYING A DEBT THAT I DO NOT MIND PAYING BUT USING HOSTILE TACTICS FROM A LOAN THAT THEY JUST BOUGHT FROM XXXX XXXX IN XXXX AND THE DEBT PRE-DATES XXXX. ( DEFAULT OF LOANS IN XXXX ). THIS NEW LOAN HAS AFFECTED MY CREDIT SCORE BECAUSE IT MAKES IT LOOKS AS THOUGH MY DEBT IS BRAND NEW AND IT'S NOT. I WOULD LIKE ALL REPORTS FROM PORTFOLIO RECOVERY TO BE REMOVED SINCE IT'S NOT FROM THE ORIGINAL COMPANY ( XXXX XXXX ). I UNDERSTAND THAT PORTFOLIO RECOVERY SOON AFTER THEY FIRST CONTACT YOU, THE DEBT COLLECTOR IS REQUIRED TO NOTIFY YOU OF YOUR RIGHT TO DISPUTE THE VALIDITY OF THE DEBT. THEN, YOU HAVE 30 DAYS TO SEND A DEBT VALIDATION LETTER REQUESTING PROOF THAT THE DEBT IS YOURS. AFTER RECEIVING YOUR LETTER, THE COLLECTOR MUST STOP COLLECTION ACTIVITY UNTIL THEYVE SENT THE PROOF. PORTFOLIO RECOVERY DID NO SUCH THING. I NEVER RECEIVED THAT NOR DID I KNOW THAT I HAVE A WINDOW OF TIME TO DISPUTE IT. I UNDERSTAND THAT EACH STATE AND RULES MAY VARY BUT MY CONCERN IS THAT THESE LOANS WILL CONTINUE TO BE REBOUGHT OVER AND OVER, AS THEY CONTINUE TO NOT ONLY BREAK THE RULES AND KEEP ME IN THE DARK BUT HURT MY CREDIT AND LIVELY HOOD AS WELL. I WOULD LIKE TO COME TO SOME KIND OF PEACFUL RESOLUTION.",DEBT COLLECTION
15129,"MADE LEGITIMATE CHARGES IN XX/XX/2025. DID NOT RECEIVE A STATEMENT IN XXXX, XXXX, XXXX, XXXX AND XXXX. INCURRED LATE CHARGES AND INTEREST. NOTIFIED BY MY BANK THAT AN ACCOUNT WAS DELINQUENT. INVESTIGATED AND FOUND MY CREDIT SCORE WAS DAMAGED, LOCATED AND PAID THE BALANCE. CONTACTED CREDIT CARD AND WAS REIMBURSED FOR LATE FEES AND INTEREST ( ONE INDIVIDUAL VERY HELPFUL ). TALKED WITH FOUR OTHER REPRESENTATIVES, ONE WAS RUDE AND THE OTHERS UNHELPFUL. THIS APPEARS TO BE A SCAM TO INCUR LATE PAYMENTS, INTEREST AND RUIN CREDIT RATING. WHAT CAN BE DONE TO ASSURE THIS DOESNT HAPPEN TO OTHERS AND RESTORE MY CREDIT SCORE?",CREDIT CARD
15130,"DUE TO JOBS LOSS FOR MY WIFE IN AND REDUCTION OF INCOME FOR MYSELF, I STARTED TO GET BEHIND ON OUR MORTGAGE PAYMENTS WITH FREEDOM MORTGAGE AND STARTED THE LOAN MODIFICATION PROCESS ON XX/XX/2018. I SENT IN ALL THE REQUIRED DOCUMENTS, INCLUDING HARDSHIP LETTER, FINANCIAL PACKAGE, W2 'S, BANK STATEMENTS, AND 4506T.ETC. FREEDOM MORTGAGE FOR THE PAST 4 MONTHS HAS MADE NO PROGRESS ON THIS LOAN MODIFICATION APPLICATION AND SEEMS TO BE REQUESTING DOCUMENTS EVERY MONTH WHICH I ALWAYS PROVIDE. I'VE SENT UPDATED HARDSHIP LETTER, PAYSTUBS AND BANK STATEMENTS AND FOR SOME REASON THEY STILL CAN NOT GET TO A RESOLUTION. I SPOKE XXXX AGENT ID : XXXX ON XX/XX/XXXX AND SHE INFORMED THAT FREEDOM HAD RECEIVED ALL DOCUMENTS AND EVERYTHING WAS COMPLETE FOR REVIEW. ANOTHER REP CALL ON XX/XX/XXXX AND ADVISED THE SAME INFORMATION AND THAT I WOULD HAVE AN ANSWER ON XX/XX/18. I CALLED ON XXXX TO GET AN UPDATE AND AGAIN, I WAS NOT TOLD THAT MORE A BANK STATEMENTS ARE NEEDED. WHAT SEEMS TO BE HAPPENING IS I PROVIDED THE NECESSARY DOCUMENTATION AND THEY SIT ON THEM FOR 30 DAYS TO LET THEM EXPIRE ONLY TO REQUEST NEW DOCS WHICH NOW TAKES ANOTHER 30 DAYS FOR REVIEW. ALSO, MY FRUSTRATION LEAD ME TO CONTACT FHA/HUD DIRECTLY TO SEE IF THEY COULD BE OF ASSISTANCE I HAVE BEEN DEALING WITH XXXX XXXX ( XXXX WHO PROVIDE ME TICKET # ( XXXX ) AND INSTRUCTED ME TO SEND ANY DOCUMENTS DIRECTLY TO HER AND SHE'LL FORWARD TO FREEDOM. I HAVE SINCE CALLED BACK FREEDOM TO FILE A FORMAL COMPLAINT AND INFORM THEM I WILL NOT BE SENDING ANY MORE DOCUMENTS TO THEM. I'VE ALSO REQUEST A SUPERVISOR CALL ME IN THIS MATTER.",MORTGAGE
15131,AFTER MY FIRST COMPLAINT TO CFPB MY MORGAGE COMPANY NOW SCHEDULE ME FOR 3 MONTHS FORBEARANCE PAYMENT WHICH IS {$2800.00} EACH MONTH THAT THEY ARE STILL WAITING FOR THE 2 MONTHS MISSED PAYMENT WHICH IS XXXX AND XXXX WHICH I CAN NOT BE ABLE TO PAY I NEED HELP AM A SINGLE MOTHER AND THE NEW JOB I GOT THE OFFER IS NOT ENOUGH FOR ME TO START PAYING FORBEARANCE AND MISSED PAYMENT FOR XXXX AND XXXX PLEASE I NEED HELP FOR THE XXXX AND XXXX AM STUCK,MORTGAGE
15132,DOCU PREP XPRESS REACHED OUT TO ME AND STATED THEY WERE A COMPANY WHO HELPS WITH FORGIVENESS. I MADE APPROXIMATELY 3 MONTHS OF PAYMENTS OF {$190.00} TO COME AND FIND OUT AS OF TODAY THAT THEY DONT ACTUALLY HELP WITH STUDENT LOANS. THE COMPANY EXPLAINED THAT I WOULD MAKE PAYMENTS TO THEM AND AFTER A CERTAIN AMOUNT PAID THAT THEY WOULD TAKE CARE OF THE WHOLE MATTER,CONSUMER LOAN
15133,"TO WHOM IT MAY CONCERN : I RECENTLY RECEIVED A DEBT COLLECTION NOTICE FROM YOUR OFFICE. I AM WRITING TO VERIFY THAT YOU HAVE CONTACTED THE CORRECT INDIVIDUAL AND TO REQUEST THAT YOU PROVIDE DOCUMENTATION CONFIRMING THIS. PLEASE SUPPLY ME WITH A COPY OF ANY CONTRACT OR AGREEMENT SIGNED WITH YOUR COMPANY OR THE ORIGINAL CREDITOR. 
IN ACCORDANCE WITH THE FAIR DEBT COLLECTION PRACTICES ACT ( FDCPA ), I REQUEST THE FOLLOWING INFORMATION : 1. THE NAME AND ADDRESS OF THE ORIGINAL CREDITOR AND THE CURRENT CREDITOR.

2. VERIFICATION OF THE DEBT AMOUNT YOU ARE SEEKING TO COLLECT, INCLUDING EVIDENCE THAT A CONTRACT EXISTS CREATING THE AMOUNT YOU CLAIM IS OWED.

3. DOCUMENTATION OF ALL ASSIGNMENTS SHOWING THE TRANSFER OF THE DEBT FROM THE ORIGINAL CREDITOR TO THE CURRENT CREDITOR.

4. PROOF THAT THE ORIGINAL CREDITOR SECURITIZED THE DEBT.

5. DOCUMENTATION SHOWING THE ASSIGNMENTS OF THE DEBT FROM THE ORIGINAL CREDITOR TO THE SECURED TRUST AND THEN BACK TO THE ORIGINAL CREDITOR.

6. CHAIN OF CUSTODY 7. ASSIGNMENT OF CONTRACT PLEASE CEASE AND DESIST FROM COLLECTING ON THIS DEBT UNTIL YOU HAVE PROVIDED VALIDATION OF THE DEBT. 
ADDITIONALLY, I REQUEST THAT YOU DO NOT ACCESS MY CREDIT REPORT OR REPORT ANYTHING TO MY CREDIT BUREAUS. I DISPUTE THE VALIDITY OF THIS DEBT AMOUNT, AND THIS DISPUTE SHOULD BE REFLECTED ON MY CREDIT REPORT IF YOU HAVE ALREADY REPORTED THIS DEBT. 
PERMISSIBLE PURPOSE PLEASE STATE YOUR PERMISSIBLE PURPOSE FOR ACCESSING MY CREDIT INFORMATION. I DISPUTE YOUR RIGHT TO DO SO. 
NOTIFICATION TO OTHER COLLECTORS I DISPUTE THAT I OWE THIS DEBT TO YOU. SHOULD YOU TRANSFER THIS DEBT TO ANOTHER COLLECTOR, PLEASE INFORM THEM OF MY DISPUTE REGARDING THE VALIDITY OF THIS DEBT. 
THANK YOU FOR YOUR PROMPT ATTENTION TO THIS MATTER.",DEBT COLLECTION
15134,"I AM FILING A COMPLAINT AGAINST CASH APP ( BLOCK INC ) DUE TO INADEQUATE CUSTOMER SERVICE AND UNFAIR PRACTICES WHICH VIOLATE THE CONSUMER FINANCIAL PROTECTION ACT. SPECIFICALLY. CASH APP FAILED TO TAKE TIMELY AND EFFECTIVE MEASURES TO PREVENT AND ADDRESS FRAUD ON THEIR PLATFORM, LEAVING MY ACCOUNT AND INFORMATION VULNERABLE AND UNPROTECTED. FURTHERMORE, THEIR DISPUTE RESOLUTION PROCESS WAS UNFAIR AND DECEPTIVE, AS THEY DID NOT COMPLY WITH ERROR RESOLUTION REQUIREMENTS UNDER THE ELECTRONIC FUND TRANSFER ACT ( EFTA ) AND REGULATION E. THESE ACTIONS HAVE CAUSED ME SIGNIFICANT LOSS, TREMENDOUS STRESS ON MY FAMILY AND MY BUSINESS AND I SEEK APPROPRIATE ACTION FOR THESE VIOLATIONS.",BANK ACCOUNT OR SERVICE
15135,"EQUIFAX ; XXXX AND XXXX  ARE REPORTING INCORRECTLY COLLECTIONS FOR MEDICAL EXPENSES ON THE FOLLOWING ACCOUNTS : XXXX XXXX IN THE AMOUNT OF {$4500.00} ACCOUNT NUMBER XXXX ; N/A IN THE AMOUNT OF {$1600.00} ACCOUNT NUMBER XXXX ; XXXX XXXX IN THE AMOUNT OF {$700.00} ACCOUNT NUMBER XXXX ; CREDITORS IN THE AMOUNT OF {$340.00} ACCOUNT NUMBER XXXX ; XXXX XXXX XXXX IN THE AMOUNT OF {$290.00} ACCOUNT NUMBER XXXX ; AND N/A IN THE AMOUNT OF {$140.00} ACCOUNT NUMBER XXXX. ( PLEASE SEE PAGE ATTACHED FROM MY CREDIT REPORT. ) I HAD HEALTH INSURANCE COVERAGE AND THEREFORE THERE SHOULD BE NO OUTSTANDING BALANCES DUE. ( I HAVE ATTACHED A COPY OF MY INSURANCE CARD. ) THIS FALSE REPORTING OF COLLECTIONS IS SERIOUSLY HARMING MY CREDIT SCORE AND THESE LINE ITEMS NEED TO BE REMOVED FROM MY CREDIT REPORT. I HAVE CONTACTED THE BUREAUS TO REMOVE THESE HOWEVER, I HAVE NOT BEEN SUCCESSFUL.",CREDIT REPORTING
15136,"THIS IS A CAPITAL ONE CREDIT CARD. DUE TO XXXX  DAYS PAST DUE FROM BEING OUT OF WORK DUE TO ME HAVING COVID. I HAVE NEVER BEEN LATE PRIOR TO ME BEING OUT OF WORK, IN XXXX AND XXXX OF XXXX. I HAD AN EXCEPTIONAL PAYMENT HISTORY. I ASK CAPITAL ONE AS A XXXX  TO REVERSE THE XXXX  DAY LATE REPORTING AND REFUSED EVEN THOUGH I HAD EXCEPTIONAL PAYMENT HISTORY WITH THEM. I HAVE BEEN CURRENT SINCE THEN. THIS IS NO WAY TO TREAT CUSTOMERS THAT WERE OUT OF WORK DUE TO HAVING COVID, BUT STILL MANAGE TO PAY THEIR BILLS. I WILL LIKE SOMEONE TO LOOK INTO MY ACCOUNT AND ATTEMPT TO REVERSE THE 30 DAY LATE REPORTING.",CREDIT CARD
15137,"ON XX/XX/2020 I CONTACTED NELNET - U.S. DEPARTMENT OF EDUCATION VIA THEIR EMAIL, XXXX REQUESTING THEIR ASSISTANCE FOR MY ON-LINE ACCOUNT THAT IS IN THE THREE YEAR MONITORING FOR XXXX TO DISCHARGE MY DAUGHTER 'S STUDENT ( UNIVERSITY OF XXXX ) LOANS THAT I TOOK OUT AS PLUS LOANS. 

NELNET IS NOT PROVIDING ME WITH FULL ON-LINE ACCESS TO MY ACCOUNT. I PROVIDED NELNET WITH A VIDEO LINK XXXX XXXX XXXXXXXX WHICH IS ACCESSIBLE AND READABLE AND PROVES THAT THERE IS NO INFORMATION WHEN I LOG ONTO MY NELNET ON-LINE ACCOUNT. THERE IS ONLY A "" HOME '' AND "" CHANGE PASSWORD '' BUTTON. THERE IS NO ACCOUNT INFORMATION INCLUDING BUT NOT LIMITED TO MY NAME, ADDRESS, ACCOUNT NUMBER, DOCUMENTS FILED ON ACCOUNT, APPROVALS FOR ANNUAL MONITORING, FUNCTION TO UPLOAD DOCUMENTS IS NOT AVAILABLE/NOT THERE, STATUS OF ACCOUNT, ETC. WHEN YOU LOOK AT THE VIDEO LINK XXXX XXXX   XXXX OF MY ACCOUNT, WHERE I LOG ON TO MY NELNET ACCOUNT, THERE IS NO IDENTIFYING INFORMATION THERE THAT EVEN SUGGESTS THAT I HAVE AN ACCOUNT WITH NELNET. 

I TRIED TO WORK WITH NELNET AND THEY REFUSE TO PROVIDE ME WITH FULL ON-LINE ACCESS TO MY ACCOUNT. FURTHER, NELNET IS NOT RESPONDING TO ME IN ACCORDANCE WITH MY LEGAL NAME THAT WAS ON THE STUDENT PLUS LOAN DOCUMENTS AS XXXX XXXX XXXX. I OBJECT TO NELNET NOT RESPONDING TO ME IN MY FULL LEGAL XXXX NAME OF EITHER XXXX XXXX XXXX OR XXXX XXXX XXXX. 

I AM ATTACHING THE SEVEN PAGE EMAIL CORRESPONDENCE BETWEEN NELNET AND ME, XXXX XXXX XXXX FROM XX/XX/2020 THROUGH XX/XX/2020 TO SHOW THAT I HAVE TRIED TO WORK WITH NELNET REGARDING THE ON-LINE ACCOUNT ISSUE AND NELNET REFUSES TO VIEW THE XXXX VIDEO AND  CONTINUES TO IGNORE THE FACT THAT I AM UNABLE TO "" SEE '' ANY INFORMATION ON THE LOG IN OF MY ACCOUNT.",CONSUMER LOAN
15138,"MATURITY DATE : XX/XX/XXXX - BANK NAME : BMO I VISITED THE BRANCH ON XX/XX/XXXX, TO RENEW MY CD. XXXX XXXX XXXX ASSISTED ME WITH THE PAPERWORK AND INFORMED ME THAT THE NEW INTEREST RATE WOULD BE 2.75 %. I SPECIFICALLY ASKED IF MY RATE WOULD BE LOCKED IN THAT DAY AND WHETHER I WOULD STILL HAVE A 10-DAY GRACE PERIOD TO WITHDRAW OR CANCEL. HE CONFIRMED THAT I WOULD, STATING THAT I COULD RETURN ON MONDAY ( XX/XX/XXXX ) OR TUESDAY ( XX/XX/XXXX ) IF I DECIDED TO MAKE ANY CHANGES. 

ON XX/XX/XXXX, I RETURNED TO THE BRANCH AND MET WITH XXXX XXXX AGAIN, INFORMING HIM THAT I WANTED TO WITHDRAW MY FUNDS BECAUSE THE RATE WAS TOO LOW. HOWEVER, HE TOLD ME THAT I COULD NOT CANCEL OR WITHDRAW THE CD WITHOUT INCURRING A PENALTY FEE. 

I ASKED WHY I WAS PREVIOUSLY TOLD THAT I HAD A 10-DAY GRACE PERIOD, BUT WAS NOW BEING GIVEN A DIFFERENT EXPLANATION. I FEEL I HAVE BEEN MISLED IN THIS SITUATION AND WOULD LIKE YOUR ASSISTANCE IN RESOLVING THIS MATTER AND PREVENTING SIMILAR ISSUES FOR FUTURE CUSTOMERS.",BANK ACCOUNT OR SERVICE
15139,"J.P MORGAN CHASED SENT ME A MESSAGE OUT OF THE BLUE IN XX/XX/YEAR> THAT MY ACCOUNT HAD SUSPICIOUS ACTIVITIES AND THEY ARE CLOSING THE ACCOUNT. THEY STATED MY REMAINING FUNDS WHICH IS FROM MY CHECKING AND SAVINGS SUMMING UP TO ALMOST {$20000.00} WILL BE MAILED TO ME AND SINCE TODAY, I HAVE NOT RECEIVED ANYTHING. I HAVE BEEN CALLING THEM FROM TIME TO TIME BUT I DO NOT RECEIVE ANY REASONABLE JUSTIFICATION.",BANK ACCOUNT OR SERVICE
15140,"IN ACCORDANCE WITH THE FAIR CREDIT REPORTING ACT. THE LIST OF ACCOUNTS BELOW HAS VIOLATED MY FEDERALLY PROTECTED CONSUMER RIGHTS TO PRIVACY AND CONFIDENTIALITY UNDER 15 USC 1681. 

XXXXXXXX XXXX XXXX XXXX XXXX XXXX XXXX XXXX XXXX XXXX XXXX XXXX XXXX XXXX XXXX XXXX XXXX XXXX XXXX XXXX XXXX XXXXXXXX XXXX HAS VIOLATED MY RIGHTS. 

15 U.S.C 1681 SECTION 602 A. STATES I HAVE THE RIGHT TO PRIVACY.

15 U.S.C 1681 SECTION 604 A SECTION 2 : IT ALSO STATES A CONSUMER REPORTING AGENCY CAN NOT FURNISH AN ACCOUNT WITHOUT MY WRITTEN INSTRUCTIONS.

15 U.S.C 1681C. ( A ) ( 5 ) SECTION STATES : NO CONSUMER REPORTING AGENCY MAY MAKE ANY CONSUMER REPORT CONTAINING ANY OF THE FOLLOWING ITEMS OF INFORMATION ANY OTHER ADVERSE ITEM OF INFORMATION, OTHER THAN RECORDS OF CONVICTIONS OF CRIMES WHICH ANTEDATES THE REPORT BY MORE THAN XXXX YEARS. 

15 U.S.C. 1681S-2 ( A ) ( 1 ) A PERSON SHALL NOT FURNISH ANY INFORMATION RELATING TO A CONSUMER TO ANY CONSUMER REPORTING AGENCY IF THE PERSON KNOWS OR HAS REASONABLE CAUSE TO BELIEVE THAT THE INFORMATION IS INACCURATE.",CREDIT REPORTING
15141,"I HAVE TRIED SEVERAL TIMES TO HAVE THEM TO SEND ME DOCUMENTS SHOWING THAT I SIGNED FOR A LOAN. THE LOAN I DID GET I PAID IT OFF THROUGH XXXX XXXX YEARS AGO. UNDER 5,000 I PAID OVER 12,000 BACK. NOW EAS ARE SAYING THAT I OWE THEM FOR A LOAN THAT I DID NOT RECEIVE. NEVER ATTENDED A COLLEGE AGAIN. MY CREDIT REPORT SHOWED IT AS BEING PAID OFF. AES STATED IF WAS PAID IN FULL BUT NOW IT HAS STARTED ALL OVER AGAIN SAYING THAT I OWE THEM. AES EVEN PUT ON MY CREDIT REPORT SO IM WONDERING WHAT IS REALLY GOING ON. REALLY STRESSING MY OUT ABOUT THIS ...",CONSUMER LOAN
15142,"RE : CEASE AND DESIST REQUEST TO WHOM IT XXXX CONCERN, I AM FORMALLY REQUESTING THAT LVNV FUNDING LLC AND ANY OF ITS AGENTS, REPRESENTATIVES, OR AFFILIATES CEASE AND DESIST ALL COMMUNICATION WITH ME REGARDING THE ABOVE-REFERENCED ACCOUNT.

UNDER THE FAIR DEBT COLLECTION PRACTICES ACT ( FDCPA ), 15 U.S.C. 1692C ( C ), ONCE A WRITTEN REQUEST IS MADE TO CEASE COMMUNICATION, A DEBT COLLECTOR MAY ONLY CONTACT THE CONSUMER TO : 1. CONFIRM THAT NO FURTHER CONTACT WILL BE MADE ; OR 2. NOTIFY THE CONSUMER OF SPECIFIC LEGAL REMEDIES THE CREDITOR INTENDS TO PURSUE. 

PLEASE NOTE THAT ANY FURTHER ATTEMPTS TO CONTACT ME OUTSIDE OF WHAT IS LEGALLY PERMITTED WILL BE CONSIDERED A VIOLATION OF FEDERAL LAW, AND I WILL NOT HESITATE TO REPORT SUCH ACTIONS TO THE CONSUMER FINANCIAL PROTECTION BUREAU ( CFPB ), THE FEDERAL TRADE COMMISSION ( FTC ), AND THE ATTORNEY GENERALS OFFICE. 

THIS LETTER IS NOT AN ACKNOWLEDGMENT OF ANY DEBT OWED. I DISPUTE ANY AND ALL ALLEGED DEBTS CONNECTED TO THIS MATTER.",DEBT COLLECTION
15143,"MY CASH APP CARD HAS BEEN LOCKED, AND I UNDERSTAND THAT VERIFICATION IS REQUIRED TO UNLOCK IT. UNFORTUNATELY, I NO LONGER HAVE ACCESS TO A VALID GOVERNMENT-ISSUED ID, AND I PREFER NOT TO SUBMIT ONXXXX EVEN IF I HAD IT. 

I AM THE RIGHTFUL OWNER OF THE ACCOUNT AND CAN VERIFY MY IDENTITY THROUGH OTHER MEANS, SUCH AS CONFIRMING MY FULL NAME, DATE OF BIRTH, SSN, PAST TRANSACTION HISTORY, AND LINKED BANK ACCOUNT DETAILS. I WOULD LIKE TO REQUEST ONE OF THE FOLLOWING : XXXX. AN ALTERNATIVE METHOD OF VERIFICATION THAT DOES NOT REQUIRE A PHYSICAL ID. 
XXXX. IF THAT IS NOT POSSIBLE, I RESPECTFULLY REQUEST THAT THE REMAINING BALANCE IN MY ACCOUNT BE REFUNDED TO MY LINKED BANK ACCOUNT OR DEBIT CARD ON FILE. 

PLEASE LET ME KNOW WHAT STEPS I CAN TAKE TO RESOLVE THIS SITUATION. I APPRECIATE YOUR TIME AND UNDERSTANDING. 

SINCERELY, XXXX XXXX XXXX XXXX",MONEY TRANSFER OR SERVICE
15144,"IN XXXX AND XXXX, I SUBMITTED MULTIPLE WRITTEN DISPUTES TO EXPERIAN VIA CERTIFIED MAIL REGARDING INACCURATE, OUTDATED, AND UNVERIFIABLE INFORMATION ON MY CREDIT REPORT. THESE DISPUTES INCLUDED DETAILED DESCRIPTIONS AND SUPPORTING DOCUMENTS. I CITED MY RIGHTS UNDER THE FAIR CREDIT REPORTING ACT ( FCRA ), INCLUDING 1681I ( RIGHT TO REINVESTIGATION ) AND 1681E ( B ) ( DUTY TO FOLLOW REASONABLE PROCEDURES TO ENSURE ACCURACY ).

DESPITE THIS, EXPERIAN RESPONDED WITH GENERIC "" VERIFIED '' STATEMENTS WITHOUT PROVIDING ANY DOCUMENTATION OR PROOF THAT THE DISPUTED ACCOUNTS WERE VALIDATED USING ORIGINAL SOURCE RECORDS. THIS INDICATES A FAILURE TO FOLLOW REASONABLE INVESTIGATIVE PROCEDURES.

THIS IS MY THIRD FORMAL DISPUTE ROUND, AND EXPERIAN HAS NOT ADDRESSED THE FACTUAL INACCURACIES NOR PROVIDED ANY ACTUAL DOCUMENTATION. THE CONTINUED REPORTING OF THESE UNVERIFIABLE ACCOUNTS IS A WILLFUL VIOLATION OF THE FCRA, CAUSING MEASURABLE HARM TO MY CREDITWORTHINESS AND FINANCIAL HEALTH.",CREDIT REPORTING
15145,"WHEN I REVIEWED MY CREDIT REPORT, I DISCOVERED THAT SOME OF THE INFORMATION WAS ERRONEOUS. THE XXXX AND TRANSUNION CREDIT BUREAUS MUST VALIDATE THESE ACCOUNTS IN LINE WITH SECTIONS 609 ( A ) ( 1 ) ( A ) AND 611 ( A ) ( 1 ) ( A ). IT IS NOT AUTHORIZED TO FAIL TO VALIDATE THIS REPORTING ACCOUNT AS UNVERIFIED INFORMATION WITHOUT PROVIDING ANY PROOF WITHIN THE PERIOD ALLOWED BY LAW. THE FOLLOWING ACCOUNT NEED TO INVESTIGATE AND CORRECT FOR ERRONEOUS REPORTING IN MY FILE AND ARE LISTED ON MY CREDIT REPORT : XXXX XXXX BALANCE : {$21000.00} XXXX XXXXXXXX BALANCE : {$23000.00} XXXX XXXXXXXX BALANCE : {$21000.00} XXXX XXXXXXXX BALANCE : {$22000.00} XXXX XXXXXXXX XXXX XXXXXXXX BALANCE : {$0.00}",CREDIT REPORTING
15146,"I SUBMITTED A COMPLAINT, AND THE DEBT COLLECTION COMPANY SENT OVER THEIR "" PROOF OF DEBT '' BUT IT IS CLEARLY A FORGED DOCUMENT. PAGE XXXX DATES AND PROPERTY ADDRESS DO NOT MATCH THE REMAINING PAGES OF THE LEASE. THIS HAS BEEN CLEARLY DOCTORED FROM A PREVIOUS LEASE FROM YEARS PRIOR. PAGE XXXX OF THE LEASE IS ACCURATE, IT WAS A MONTH TO MONTH LEASE, SO THERE IS NO RELETTING FEE. THESE DOCUMENTS ARE PIECED TOGETHER FROM THE LEASE THAT THEY ARE TRYING TO COLLECT ON, AND PREVIOUS LEASES. THIS IS FRAUD. THERE ARE ALSO NO INVOICES FROM THE COMPANIES REFERENCED ON THE STATEMENT SHOWING SERVICES RENDERED. THIS SHOULD BE REMOVED FROM MY CREDIT IMMEDIATELY, FROM ALL XXXX BUREAUS. I ALSO DO NOT HAVE A CONTRACT WITH THE COMPANY THAT IS COLLECTING, AND DO NOT OWE THEM ANY MONEY.",DEBT COLLECTION
15147,"PLEASE SEE COMPLAINT XXXX. 

AS PART OF THE ABOVE COMPLAINT - PROVIDING PRIVATE INFORMATION TO AN UNKNOWN REQUESTOR, MR. COOPER CHARGED ME XXXX TO PROVIDE THIS INFORMATION TO WHOEVER THIS WAS REQUESTING MY MORTGAGE PAYOFF. 

THIS FEE NEEDS TO COME OFF OF MY ACCOUNT ~",MORTGAGE
15148,"XXXX XXXX, XXXX IS THE DEBT COLLECTOR WHO KEEPS CONTACTING ME BY PHONE, HARASSING CALLS AND HAVE REPORTED THIS UNVERIFIED TO DEBT TO ALL THREE CREDIT BUREAUS. I HAVE ASKED THEM SEVERAL TIMES TO VALIDATE THIS DEBT PER 15 USC 1692G SEC.809 ( B ) OF THE FDCPA GUIDELINES AND THEY HAVE YET TO DO SO. THIS COLLECTION HAS CAUSED ME TO ENDURE DENIAL OF CREDIT, LOWERING MY XXXX SCORE AND CAUSES DEFAMATION OF MY CHARACTER. XXXX SENT MY BILLING STATEMENTS FROM XXXX XXXX AND SOME REDACTED XXXX POST EARLY OUT FLOW SHEET WHICH DOESNT VALIDATE THIS DEBT AS L HAVE REQUESTED ON XXXX SEE ATTACHED LETTER SENT AND IN THEIR RESPONSE DATED XXXX",DEBT COLLECTION
15149,"KOHLS IS REPORTING MY ACCOUNT AS CHARGED OFF, BUT THEY STILL REPORT A BALANCE. CALLS TO THEM TO CORRECT IT ARE INEFFECTIVE. 

ADDITIONALLY, I OFFERED TO SETTLE THE ACCOUNT AND THEY REFUSE TO NEGOTIATE A PARTIAL SETTLEMENT. THEY ALSO TOLD ME THAT IF I SETTLED FOR THE FULL AMOUNT, THEY WOULD NOT CHANGE WHAT THEY ARE REPORTING AND THERE IS NO REASON TO SETTLE WITH THEM SINCE MY DATE OF LAST PAYMENT WAS XXXX OF 2016. 

THEY DO NOT REPORT THE CORRECT DATE OF LAST PAYMENT WHICH IS ALSO A PROBLEM.",CREDIT REPORTING
15150,"MY NAME IS XXXX XXXX XXXX XXXX, AND I AM SUBMITTING THIS COMPLAINT MYSELFNO THIRD PARTY IS INVOLVED. IM DISPUTING INACCURATE AND MISLEADING INFORMATION ON MY CREDIT REPORT. 
IVE BEEN WORKING TOWARD BUYING A HOME, BUT THESE ERRORS ARE MAKING IT DIFFICULT. DESPITE MY PATIENCE, THE LACK OF RESPONSE HAS BEEN FRUSTRATING AND FEELS UNPROFESSIONAL. 
THIS SITUATION HAS CAUSED DELAYS AND UNNECESSARY STRESS. PLEASE REVIEW THE DOCUMENTS IVE PROVIDED AND TAKE IMMEDIATE ACTION TO RESOLVE THE ISSUE.",CREDIT REPORTING
15151,"ON XX/XX/XXXX, XXXX XXXX ISSUED ME A REFUND OF {$640.00} USD VIA PAYPAL TO A CLOSED XXXX  XXXX XXXX CARD ENDING IN XXXX. I NO LONGER HAVE AN ACCOUNT OR RELATIONSHIP WITH XXXX XXXX XXXX AS OF XXXX. 

AFTER CONFIRMING WITH XXXX  XXXX XXXX THAT THE REFUND WOULD HAVE BEEN AUTOMATICALLY REJECTED, I CONTACTED PAYPAL SEVERAL TIMES VIA PHONE AND EMAIL. I PROVIDED THE REFUND TRACE NUMBER : XXXX, AND PAYPAL OPENED A CASE ( TRACE ID : XXXX ). 

DESPITE THIS, PAYPAL HAS NOT CONFIRMED WHETHER THE REFUND WAS RETURNED TO THEM, AND THE FUNDS HAVE NOT BEEN REISSUED TO MY PAYPAL BALANCE OR MY CURRENTLY LINKED ACCOUNT. I HAVE ESCALATED THE ISSUE THROUGH BOTH CUSTOMER SERVICE AND PAYPALS EXECUTIVE OFFICE, BUT I CONTINUE TO RECEIVE GENERIC RESPONSES THAT PROVIDE NO RESOLUTION. THEIR MOST RECENT REPLY SIMPLY STATED THAT THEY HAD NO ADDITIONAL INFORMATION AND SUGGESTED I SPEAK WITH MY CARD ISSUERDESPITE THE CARD/ACCOUNT BEING CLOSED. 

I AM REQUESTING A FULL INVESTIGATION INTO THE REFUND AND FOR PAYPAL TO ISSUE THE FUNDS TO MY CURRENT ACCOUNT OR PAYPAL BALANCE.",MONEY TRANSFER OR SERVICE
15152,"I AM FILING A COMPLAINT REGARDING CASH APPS HANDLING OF A DISPUTE FOR {$200.00} PAID TO XXXX. I DID AUTHORIZE THE PURCHASE, BUT THE MERCHANDISE WAS NEVER DELIVERED TO ME. THE CARRIER MARKED THE PACKAGE AS DELIVERED ; HOWEVER, THE PARCEL LEFT AT MY ADDRESS WAS NOT ADDRESSED TO ME AND CONTAINED UNRELATED ITEMS ( A BROOM ). THE DELIVERY PHOTO CLEARLY SHOWS A SMALL UNLABELED BOX WITH NO SHIPPING LABEL, RECIPIENT NAME, OR ADDRESS. THIS PARCEL COULD NOT PHYSICALLY CONTAIN MY CLOTHING ORDER. CASH APP DENIED MY DISPUTE UNDER AUTHORIZED TRANSACTION, EVEN THOUGH I NEVER CLAIMED THE PAYMENT WAS UNAUTHORIZED. MY CLAIM IS THAT I PAID FOR GOODS THAT WERE NEVER DELIVERED TO ME. TRACKING MARKED AS DELIVERED DOES NOT PROVE SUCCESSFUL DELIVERY TO THE CORRECT RECIPIENT. THE MERCHANT HAS NOT PROVIDED PROOF THAT THE PARCEL DELIVERED WAS ADDRESSED TO ME. I AM REQUESTING THAT CASH APP PROPERLY INVESTIGATE THIS AS A MERCHANDISE NOT RECEIVED DISPUTE.",MONEY TRANSFER OR SERVICE
15153,I RECEIVED A NOTIFICATION IN XX/XX/XXXX AN ESCROW CHECK HAD BEEN SENT OUT TO THE COUNTY TO PAY FOR THE PROPERTY TAXES ON THE PROPERTY. ON XX/XX/XXXX WE CLOSED ON SELLING THE PROPERTY. THE CLOSING ATTORNEY WAS AWARE CITIZENS HAD ALREADY SENT A CHECK AND WAS SUPPOSED TO HOLD THE CHECK ON HIS END BUT ENDED UP SENDING IT ANYWAYS. I REACHED OUT TO THE COUNTY ON XX/XX/XXXX AND THEY CONFIRMED THEY RECEIVED THE CHECK FROM THE CLOSING ATTORNEY BUT NOT FROM CITIZEN 'S. I THEN CONTACTED CITIZENS THAT SAME DAY AND THEY SAID THEY WERE NOT SHOWING THE CHECK AS CASHED BUT WE NEEDED TO WAIT UNTIL XX/XX/XXXX TO STOP THE CHECK PER THEIR POLICY. I CALLED CITIZENS BACK ON XX/XX/XXXX FOR AN UPDATE AND THEY SAID AT THAT TIME THEY WOULD NEED TO CONTACT THE COUNTY TO SEE IF THEY HAD RECEIVED THE ESCROW CHECK FROM THEM AND TO REFUND IT. THEY SAID THIS WOULD TAKE UP TO 7 BUSINESS DAYS AND THEY WOULD CONTACT ME BACK. I CALLED THE COUNTY AGAIN THAT DAY AND THEY CONFIRMED THEY HAD NOT RECEIVED IT. ON XX/XX/XXXX I STILL HAD NOT HEARD ANYTHING BACK SO I CALLED CITIZENS AGAIN. THEY ARE NOW SAYING IT COULD TAKE 3-6 MONTHS TO HAVE THE ESCROW ABOUT REFUNDED AND SENT BACK TO ME. I HAVE CALLED SEVERAL TIMES OVER THE LAST MONTH WITH A DIFFERENT ANSWER EACH TIME.,MORTGAGE
15154,"HELLO, MY NAME IS XXXX XXXX, I ORDERED A CHEXSYSTEM REPORT ABOUT A WEEK AGO BECAUSE I CAN NOT OPEN A BANK ACCOUNT. BACK IN 2010 I HAD AN ACCOUNT WITH XXXX XXXX XXXX, THEY CLOSED MY ACCOUNT DUE TO A BAD CHECK. I WROTE THEM NUMEROUS LETTERS, BUT THEY NEVER REPLIED. 5 YEARS LATER I 'M STILL UNABLE TO OPEN AN ACCOUNT. ONCE I RECEIVED MY CHEXSYSTEM REPORT IT STATED THAT I TRIED OPENING NUMEROUS BANK ACCOUNT IN STATES THAT I HAVE NEVER BEEN BEFORE. I JUST NEED TO GET A CLEAR UNDERSTANDING OF WHATS GOING ON, AND WHAT SHOULD I DO.",CREDIT REPORTING
15155,"MY CAR TITLE FROM THE NY DMV SHOWS A LIEN FROM CITIBANK. L HAVE HAD THIS CAR FROM XX/XX/XXXX AND CAN NOT RECALL MY BORROWING OR PLEDGING THE TITLE FOR A LOAN.L HAVE CONTACTED CITIBANK AS WELL AS XXXX XX/XX/XXXXAND NEITHER OF THEM HAVE ANY RECORDS OF LOANS TO ME AGAINST THIS VEHICLE..L THEN CONTACTED MY TITLE SUPPORT, COM FOR ASSISTANCE BUT THEIR RESPONSE AGAIN SHOWED THAT THERE WAS NO ACCOUNT.L THEREFORE NEED A RELEASE OF LIEN OR A LETTER OF NO INTEREST SO L CAN PRODUCE THIS AS EVIDENCE THAT THERE ARE NO LIENS ON MY CAR TITLEI HAVE EXHAUSTED CALLING AND FAXING TO DIFFERENT AGENCIES IN THE HOPE OF GETTING THIS RESOLVED BUT UNFORTUNATELY L HAVE BEEN UNSUCCESSFUL ... I NEED HELP",CONSUMER LOAN
15156,"WELLS FARGO CREDIT CARD OPENED IN MY NAME WITHOUT MY PERMISSION OR KNOWLEDGE, PERSON RAN UP OVER {$50000.00} IN DEBT BEFORE I BECAME AWARE OF THE PROBLEM, CANCELED THE CARD IMMEDIATELY UPON KNOWLEDGE. 
WELLS FARGO REFUSED ANY HELP WITH THE MATTER, THIS WAS DURING THE TIME PERIOD OF FRAUD THE CFPB FINED WELLS FARGO {>= $1,000,000} BUT BEFORE THE PROBLEM WAS MADE PUBLIC. 
I 'M LOOKING FOR RESTITUTION AND PENALTIES AND RESTORATION OF MY FINANCIAL CREDIT REPORTING.",CREDIT CARD
15157,"I HAVE BEEN DISPUTING 2 CHARGES THAT OCCURED BACK IN XXXX FOR YEARS NOW WITH AMAZON SYNCHRONY BANK. EACH TIME I OPEN AN DISPUTE, THEY CLOSE IT WITHOUT RESOLVING OR ACKNOWLEDGING THEIR COMPLETE LACK OF SECURITY ALLOWING THE CHARGE TO BE MADE ONLINE WITHOUT POSSESSION OF THE CARD. 

I REQUESTED MULTIPLE TIMES TO HAVE THE ACCOUNT CLOSED TO PREVENT FURTHER FRAUD ( I HAVE NOT HAD THE CARD SINCE XXXX ). 

I NOTICED ON THE LAST STATEMENT THEY CLOSED THE ACCOUNT, AND OPENED A NEW ONE, NEW NUMBER. THEY ADDED A BALANCE TRANSFER FEE OF {$110.00}. 

I DID NOT AUTHORIZE OPENING A NEW ACCOUNT OR A BALANCE TRANSFER. 

I CALLED XXXX TO LEARN WHY THEY DID THIS AND DEMAND THEY REMOVE IT AND STOP OPENING ACCOUNTS IN MY NAME. THE REP XXXX SAID SHE COULD NOT REMOVE THE FEE. I TOLD HER TO TRANSFER ME TO HER MANAGER. SHE WOULD NOT GIVE ME THE MANAGERS NAME, AND THEN HUNG UP.",CREDIT CARD
15158,"XXXX OF XXXX I SUPPOSEDLY TOOK OUT A LOAN FOR {$1300.00} IT IS NOT MY ACCOUNT AND I TRIED TO REACH OUT THE ORIGINAL DEBT OWNER AND THEY ARE PERMANENTLY CLOSED. THE DEBT HIT MY CREDIT REPORT IN XX/XX/XXXX AND I AM JUST HEARING ABOUT THIS FROM CHECKING MY CREDIT REPORT. I WANTED IT DELETED AND THEY ARE NOT GETTING ME THE INFORMATION I NEED TO FILE A POLICE REPORT. I FILE A DISPUTE ON THE XXXX OF XX/XX/XXXX AND IT CAME BACK XXXX OF XXXX SAYING IT'S MINE AND THEY WON'T DELETE IT. PRIOR TO THIS PLACED ON MY CREDIT REPORT THERE WAS NO COMMUNICATION ABOUT IT SENT VIA MAIL, PHONE, OR EMAIL.",CREDIT REPORTING
15159,"ON XX/XX/XXXX, SOMEONE FRAUDULENTLY ACCESSED MY XXXX XXXX ACCOUNT, INITIATED A TRANSFERRED TO XXXX IN THE AMOUNT OF XXXX XXXX XXXX, AND MONEY WAS PICKED UP IN XXXX, ALL THIS IN A 6 MINUTES, THE MONEY WAS TAKEN OUT OF MY CHECKING ACCOUNT LINKED TO THE XXXX XXXX ACCOUNT XXXX XXXX XXXX STATED THEY COULDN'T DO ANYTHING OTHER THEN REPORTED BECAUSE THE TRANSACTION WAS COMPLETED, AND ONCE THE MONEY WAS PICKED UP THERE WAS NOTHING THEY COULD DO, AND SAID THAT I NEEDED TO GO THRU MY BANK FOR REFUND, MY BANK STATED THAT AFTER THE INVESTIGATION WAS CONCLUDED THE CHARGES WERE VALID AND DID NOT REFUNDED THE MONEY. I WAS NEVER PROVIDED ANY INFORMATION OF THE INVESTIGATION AND I WAS NEVER CONTACTED BY MY BANK INSTITUTION FOR QUESTIONS OR DOCUMENTATION ABOUT THE INVESTIGATION, I DID FOLLOW UP WITH MY BANK ( CHASE BANK ) AND REQUESTED THE INVESTIGATION TO BE REOPEN AND PROVIDED ALL THE EMAILS FROM XXXX XXXX ABOUT THE TRANSACTION, BUT THEY CLOSED THEY CASE STATING THAT NO OTHER INVESTIGATION WAS NEEDED.",MONEY TRANSFER OR SERVICE
15160,"OVER THE PAST XXXX  MONTHS, I HAVE BEEN DOMINATED AND MENTALLY ABUSED BY XXXX XXXX AND PHH MORTGAGE SERVICES CAUSING GREAT EMOTIONAL STRESS AND PHYSICAL WELL BEING!! 

THIS COMPANY ONLY EMPLOYS FOREIGN SPEAKING CUSTOMER SERVICE REPRESENTATIVES AND ONE CAN NOT UNDERSTAND VERBALLY. 

I ENTERED INTO A FINAL FORBEARANCE ON XX/XX/YEAR> WHICH THE FORBEARANCE WAS TO BE PUT AT REAR OF LOAN, I DOUBLED AND TRIPLED THIS WITH REPRESENTATIVE, THE COMPANY THEN HELD ME RESPONSIBLE FOR PAYMENTS AT THE ENDING OF FORBEARANCE, I OBJECT, THIS CAN EASILY BE CHECKED BY THE VOICE RECORDING OF THIS CONVERSATION. THE COMPANY REFUSES TO CHECK THIS INFORMATION. THIS IS HOW I BECAME LATE ON PAYMENTS!!!! 

DURING FINAL LOSS MITIGATION AS FILED WITH THE XXXX XXXX XXXX IN MARYLAND, THE COMPANY STATES THERE WAS NEVER A REQUEST BY ME OR REPRESENTATIVE FOR COVID 19 RELIEF!!

I OBJECT, THIS ENTIRE AFFAIR IS FROM COVID-19 AND DOCUMENTS ATTACHED PROVE SAME!!!! PLEASE SEE FINAL LOSS STATEMENT ATTACHED.

THE COMPANY PREVIOUSLY OFFERED MODIFICATIONS WITH BAD INFORMATION, COMMUNICATION ECT., REFUSING TO LOOK AT EXTREME HARDSHIPS AND REFUSING TO ALLOW ME TO SPEAK WITH OMUDSMAN!!

PLEASE SEE ATTACHED AFTER FILING COMPLAINT YET AGAIN XXXX XXXX AND PHH HAS SENT INFORMATION TO THE CFPB, THAT THIS DOES NOT BELONG TO THEM. PLEASE SEE ATTACHED",MORTGAGE
15161,"I AM FILING THIS COMPLAINT REGARDING IMPROPER AUTO LOAN SERVICING DUE TO CONFLICTING PAYMENT DUE DATES BETWEEN NAVY FEDERAL CREDIT UNIONS ONLINE ACCOUNT PORTAL AND MY LOAN STATEMENT.

NAVY FEDERALS ONLINE AUTO LOAN PORTAL SHOWED THAT MY PAYMENT WAS DUE ON XX/XX/XXXX. I RELIED ON THE DUE DATE DISPLAYED IN THE ONLINE PORTAL, WHICH IS THE CONSUMER-FACING SYSTEM NAVY FEDERAL PROVIDES FOR MEMBERS TO MANAGE THEIR LOANS.

WHEN I LATER REVIEWED MY LOAN STATEMENT, IT REFLECTED A DIFFERENT DUE DATE THAN THE ONE SHOWN IN THE ONLINE PORTAL. NAVY FEDERAL HAS STATED THAT THEY RELY ON THE STATEMENT RATHER THAN THE ONLINE PORTAL, DESPITE THE PORTAL SHOWING A XX/XX/XXXX DUE DATE. 

I MADE MY AUTO LOAN PAYMENT ON XX/XX/XXXX. THE PAYMENT WAS ACCEPTED AND POSTED BY NAVY FEDERAL. AFTER THE PAYMENT POSTED, MY ONLINE ACCOUNT UPDATED TO SHOW MY NEXT PAYMENT DUE ON XX/XX/XXXX, AND DID NOT REFLECT ANY DELINQUENCY OR LATE FEE. 

DESPITE THIS, NAVY FEDERAL ASSESSED A LATE FEE BASED ON THE STATEMENT DUE DATE, EVEN THOUGH THE ONLINE PORTAL SHOWED A XX/XX/XXXX DUE DATE AND DID NOT INDICATE THAT MY ACCOUNT WAS PAST DUE. MEMBERS SHOULD BE ABLE TO RELY ON THE ACCURACY OF THE PAYMENT DUE DATE DISPLAYED IN NAVY FEDERALS ONLINE SYSTEM. PENALIZING A MEMBER BASED ON INTERNAL RECORDS OR STATEMENTS THAT CONTRADICT THE ONLINE PORTAL CONSTITUTES INACCURATE DISCLOSURE AND IMPROPER LOAN SERVICING.

THIS ISSUE OCCURRED AFTER I SUBMITTED A FORMAL COMPLAINT TO NAVY FEDERAL ON XX/XX/XXXX, AND I AM CONCERNED THAT ADVERSE SERVICING ACTION WAS TAKEN FOLLOWING THAT COMPLAINT RATHER THAN BASED ON CLEAR AND CONSISTENT ACCOUNT INFORMATION. 

I AM REQUESTING REMOVAL OF THE LATE FEE, CORRECTION OF ACCOUNT RECORDS, WRITTEN CONFIRMATION THAT MY ACCOUNT IS CURRENT, AND CONFIRMATION THAT NO NEGATIVE CREDIT REPORTING HAS OCCURRED OR WILL OCCUR.",CONSUMER LOAN
15162,"IN XX/XX/2025, TD BANK MAILED A DEBIT CARD TO MY RESIDENCE. THE CARD WAS STOLEN EITHER FROM INSIDE TD BANK OR THROUGH THE POSTAL SERVICE. 

SHORTLY, THE CARD WAS USED IN NUMEROUS TRANSACTIONS. TD BANK WAS TOLD THE CARD WAS STOLEN AND ADVISED TO WHAT TRANSACTIONS WERE FRAUDULENT. TD BANK CLOSED THE CHECKING ACCOUNT ASSOCIATED WITH THE FRAUD. 

TD BANK FAILED TO CONDUCT ANY INVESTIGATION INTO HOW THE DEBIT CARD WAS STOLEN. WITHOUT MY AUTHORIZATION OR CONSENT, TD BANK STOLE THE FUNDS IN THE ACCOUNT. 

IN ADDITION, TD BANK STOLE ANOTHER {$670.00} FROM A SAVINGS ACCOUNT UNDER MY NAME AND MY FATHER 'S NAME. TD BANK NEVER NOTIFIED ME OR MY FATHER OF THEIR ILLEGAL ACTIONS. THIS MONEY REFLECTED SCHOLARSHIP FUNDS AWARDED TO ME. TD BANK HAD NO RIGHT TO STEAL THIS MONEY! 

NUMEROUS ATTEMPTS HAVE BEEN MADE BY MY FATHER TO RESOLVE THIS ISSUE OVER THE PAST 3 MONTHS. TD BANK HAS MADE NO EFFORT TO RESOLVE THE ISSUE.",BANK ACCOUNT OR SERVICE
15163,"I HAD WRITTEN A PERSONAL CHECK FOR XXXX DOLLARS AND THE BANK DEBITED MY ACCOUNT XXXX DOLLARS CAUSING MY ACCOUNT TO BE OVERDRAWN. THEY ARE SAYING THEY CAN'T RETURN MY MONEY FOR 1-5 BUSINESS DAYS WHICH IS UNACCEPTABLE TO ME. MY XXXX XXXX IS ELEVATED, I HAVE TO PAY MY RENT AND OTHER BILLS. SINCE IT WAS THEIR ERROR AND NOT MINE, YOU WOULD THINK THEY COULD EXPEDITE THIS, BUT I WAS TOLD THEY COULDN'T. BANK OF AMERICA IS HOLDING MY MONEY THAT I NEED AND WILL MAKE INTEREST ON IT WHILE I'M JUST LEFT WITH, THAT'S THE BEST THEY CAN DO. THE RICH WOULD HAVE THIS SOLVED IN MINUTES, BUT US POOR WHO NEED THEIR MONEY ARE LEFT TO SUFFER.",BANK ACCOUNT OR SERVICE
15164,"THIS IS ONE OF SEVERAL TIMES I'VE DISCOVERED THAT MY CREDIT REPORT HAD INACCURATE INFORMATION. THE THREE CREDIT BUREAUS MUST VERIFY THESE ACCOUNTS IN ACCORDANCE WITH SECTIONS 609 ( A ) ( 1 ) ( A ) AND 611 ( A ) ( 1 ) ( A ). IT IS NOT ACCEPTABLE TO REPORT THESE ACCOUNTS AS UNCONFIRMED INFORMATION WITHOUT VALIDATING THEM WITHIN THE LEGALLY REQUIRED TIME RANGE. THE FOLLOWING FALSE INFORMATION ON MY CREDIT REPORT HAS TO BE INVESTIGATED, AMENDED, OR COMPLETELY REMOVED : XXXX XXXX XXXX XXXXXXXX XXXX  XXXX XXXX XXXX XXXX XXXX XXXX XXXXXXXX XXXX XXXXXXXX XXXX XXXX XXXX XXXX XXXX XXXX XXXX XXXX XXXX XXXX XXXX  XXXX",CREDIT REPORTING
15165,"HOME DEPOT CREDIT SERVICES ENJOINED WITH CITI CARDS CLOSED 1 DAY AFTER A PURCHASE DATE AND REQUIRED THAT I PAY A LATE FEE PLUS A TOTAL OF {$210.00} IN INTEREST CHARGE. I IMMEDIATELY CONTACTED MY HOME DEPOT CREDIT AND ENTERED THE CORRECTED BALANCE PAYMENT, BUT AS HOME DEPOT CREDIT SERVICES EXCEPTED BELATED ACKNOWLEDGEMENT. THE CITI CARD SECTION OF THEIR SERVICES REFUSED TO ACCEPT MY COMPLIANCE AS TERM REQUIRED AS THEY INTERPRETED. ON XXXX XX/XX/YEAR> CITI EMBARKED A NOTICE OF PAYMENT, WHICH I RECEIVED ON XX/XX/YEAR>. THEN ON XX/XX/YEAR> XXXX XXXX SENT ME A NOTICE LETTER, I RECEIVED ON XX/XX/YEAR> ASKING TO OR FOR ME TO SUBMIT TO A PHONE CONTACT. I AM SURE I AM CORRECT UNDER XXXX XXXX ( XXXX ) AND XXXX. XXXX ( XXXX ) AS GRANTED @ XXXX C ( XXXX ). RESPECTFULLY XXXX XXXX XXXX",CREDIT CARD
15166,"ON XX/XX/YEAR>, I WAS CHARGED {$190.00} FOR A MULTI-NIGHT HOTEL STAY AT XXXX XXXX, BOOKED THROUGH XXXX AND PAID WITH MY CAPITAL ONE CARD. 

I CONTACTED XXXX THE SAME DAY, BEFORE CHECK-IN, TO REQUEST A REFUND BECAUSE THE HOTEL FAILED TO CONTACT ME AS PROMISED BY XXXXXXXX XXXX WHEN I FINALLY ARRIVED, THE REFRIGERATOR IN THE ROOM WAS BROKEN, AND THERE WERE CONSTANT DOG BARKING NOISES AND A NONSTOP ALARM FROM A NEIGHBORING ROOM. THE STAY WAS UNINHABITABLE. 

I ALSO FOUND A LOWER PRICE FOR THE SAME BOOKING ON XXXX, BUT XXXX REFUSED TO HONOR THEIR LOW-PRICE GUARANTEE. 

DESPITE MY VALID CONCERNS, XXXX ONLY OFFERED ME {$25.00} IN XXXX XXXX, WHICH I DECLINED. I THEN DISPUTED THE CHARGE WITH CAPITAL ONE, BUT MY DISPUTE WAS DENIED, AND THE CHARGE WAS REINSTATED. 

I AM REQUESTING CFPB ASSISTANCE TO RESOLVE THIS MATTER FAIRLY AND TO HELP ENSURE THAT CREDIT CARD DISPUTE POLICIES PROTECT CONSUMERS FROM SITUATIONS LIKE THIS.",CREDIT CARD
15167,"ONCE AGAIN SHELLPOINT HAS NOT TAKEN A PAYMENT AND IS CHARGING FEES FOR THEIR FAILURES. WE HAD NO SAY IN OUR LOAN BEING SOLD TO SUCH A SHADY COMPANY, WE PAID OVER XXXX IN TWO MONTHS TO THESE PEOPLE WHO CLAIMED THEY DIDN'T RECEIVE PAYMENTS. WE SENT IN THE FINAL CASHIERS CHECK TO CATCH UP PAYMENTS ON XX/XX/XXXX, THE SAME DATE WE SENT IN THE AUTOMATIC WITHDRAWAL PAYMENT FORMS FOR OUR PAYMENTS TO START COMING OUT OF OUR CHECKING ACCOUNT ON THE XXXX. THE CASHIERS CHECK CLEARED THE BANK ON THE XXXX, MEANING THEY RECEIVED IT SEVERAL DAYS PRIOR. THEY STILL HAVE NOT TAKEN THE PAYMENT FOR XXXX, EXPECTING US TO PAY THEIR LATE FEES, ECT WHICH THEY THEN MAKE MORE THAN WHAT IS AUTHORIZED OR REASONABLE EXPECTED TO PAY, SO YOUR PAYMENT IS REPORTED AS LATE AND THEY CAN THEN CHARGE MORE FEES. WE HAD NEVER HAD ONE ISSUE WITH OUR MORTGAGE PRIOR TO OUR LOAN BEING SOLD TO A COMPANY LIKE THIS.",MORTGAGE
15168,"PURCHASED A XXXX PACK WITH {$500.00} LOADED ONTO IT. TRIED TO ADD IT, ONLINE, TO MY XXXX  SAFE. AT LOGIN, SITE SAYS MY ACCOUNT IS BLOCKED. CALLED CUSTOMER SERVICE. I FOLLOWED THE STEPS RECOMMENDED. WAITED TWELVE HOURS. TRIED AGAIN. CALLED CUSTOMER SERVICE AGAIN. TOLD ME THERE WERE NO PROBLEMS WITH MY ACCOUNT. I COULD ESCALATE AND WAIT FOR A RESPONSE IN 3-5 DAYS. ASKED FOR MY MONEY BACK. GAVE ME A CASE NUMBER BUT WOULD N'T SEND EMAIL CONFIRMATION. SAID REFUND WOULD TAKE 30 BUSINESS DAYS! SPOKE WITH XXXX ON XX/XX/XXXX AT XXXX XXXX CST.",MONEY TRANSFER OR SERVICE
15169,I OPENED A CITIBANK CHECKING ACCOUNT AND SAVING ACCOUNT PACKAGE AT XXXX FOR A PROMOTION XXXX BUCKS IF I DEPOSIT XXXX TOTAL AND KEEP THIS AMOUNT 60 DAYS. THEN I FINISHED THEIR REQUIREMENT. AND CONTACT THEM FOR MY BONUS AT XXXX. I HAVE BEEN TOLD I WILL RECEIVE MY BONUS IN 90 DAYS BEFORE XXXX. SO I WAIT FOR ANOTHER MONTH AND CONTACT THEM AGAIN TO DOUBLE CHECK EVERYTHING IS RIGHT AT XXXX. I GOT PROMISED BONUS IS ON ITS WAY. BUT EVERYTHING IS CHANGE WHEN I CONTACT THEM WHY MY BONUS STILL NOT POST YET AT XXXX. THEY TOLD ME I AM NOT QUALIFY THE BONUS. BECAUSE I DO HAVE ACCOUNT WITH THEM AT XXXX. WHAT?? WHY THEY DON'T TELL ME EARLY SINCE I DEPOSIT THEIR BANK ALMOST 6 MONTHS. I THOUGHT THEY PROMISED IT THEY SHOULD HONOR IT.,BANK ACCOUNT OR SERVICE
15170,"I RECENTLY DISCOVERED THAT MY STUDENT LOAN ACCOUNT SHOWS A BALANCE OF AROUND {$50000.00}, BUT I DO NOT RECALL EVER BORROWING THAT MUCH. ADDITIONALLY, THE ADDRESS ASSOCIATED WITH THE ACCOUNT IS INCORRECT, WHICH RAISES CONCERNS ABOUT POSSIBLE ERRORS OR EVEN IDENTITY THEFT. 

I HAVE NEVER RECEIVED CLEAR COMMUNICATION FROM THE LOAN SERVICER ABOUT THE TOTAL AMOUNT BORROWED, AND I DO NOT REMEMBER SIGNING FOR LOANS TOTALING THIS HIGH AMOUNT. I ONLY BECAME AWARE OF THE BALANCE RECENTLY, AND I AM REQUESTING A FULL INVESTIGATION AND DOCUMENTATION OF THE LOAN DISBURSEMENTS, INCLUDING THE SCHOOLS ATTENDED, DISBURSEMENT DATES, AND LOAN AMOUNTS. 

I ALSO NEED THE INCORRECT ADDRESS TO BE UPDATED AND WANT TO ENSURE NO FRAUDULENT ACTIVITY HAS OCCURRED ON MY ACCOUNT. I CONTACTED THE LOAN SERVICER ON XX/XX/YEAR>, BUT I HAVE NOT RECEIVED A SATISFACTORY EXPLANATION OR CORRECTION. 

PLEASE REVIEW AND RESOLVE THIS ISSUE AS SOON AS POSSIBLE.",CONSUMER LOAN
15171,"FLAGSTAR BANK IS MY CURRENT MORTGAGE BANK. ON XX/XX/2019 AND AGAIN ON XX/XX/2019, FLAGSTAR BANK CHARGED ME A {$30.00} FEE AFTER A PROPOSED NEW MORTGAGE LENDER ASKED FOR A PAYOFF AMOUNT ON MY CURRENT MORTGAGE. THE TWO PROPOSED MORTGAGE LENDERS WERE XXXX XXXX XXXX AND XXXX XXXX. I NEVER AGREED TO THESE FEES, AND I DO NOT THINK IT WAS PROPER FOR FLAGSTAR BANK TO CHARGE ME WITH THESE FEES. I CONTACTED FLAGSTAR BANK ABOUT THESE CHARGES ; I ASKED FOR THESE FEES TO BE REMOVED ; FLAGSTAR BANK REFUSED MY REQUEST. I PROPOSE THAT A FAIR OUTCOME WOULD BE FOR THESE FEES TO BE DROPPED, ASSUMING THIS WAS EVEN LEGAL. I THINK THIS WAS UNETHICAL AT BEST.",MORTGAGE
15172,"XX/XX/YEAR> SETUP ACCOUNT & DEPOSITED FUNDS SINCE THIS DATE HAVE CONTACTED CUSTOMER SERVICE REPEATEDLY FOR ASSISTANCE. 
EACH TIME GOES THRU SAME PROCESS -VERIFY MYSELF -DELAY IN WITHDRAWING AND TRANSFERRING MONEY - 24 OR 48 HOURS - WHEN ACCESSING AGAIN - GOES THRU SAME STEPS THEY HAVE MY FUNDS AND WILL NOT ALLOW ME TO WITHDRAW AND CLOSE ACCOUNT AND WILL NOT ALLOW TRANSFERS FUNDS TO A WALLET FOR PURCHASES. 

LATEST EMAIL XX/XX/YEAR> XXXX XXXX XXXX, WE HAVE COMPLETED YOUR ACCOUNT REVIEW, AND YOUR WITHDRAW /SEND COINBASE ACCOUNT SERVICES REMAIN DISABLED AT THIS TIME. YOU WILL STILL BE ABLE TO BUY/SELL/RECEIVE /DEPOSIT ANY XXXX  YOU CURRENTLY HAVE ON COINBASE AS A TRUSTED XXXX  XXXX, WE TAKE A NUMBER OF STEPS TO KEEP ALL ACCOUNTS SAFE, AND WE REGULARLY MONITOR CUSTOMER ACCOUNTS TO ENSURE COMPLIANCE WITH OUR TERMS OF SERVICE. FOR SECURITY REASONS, WE'RE NOT ABLE TO PROVIDE YOU WITH ANY ADDITIONAL INFORMATION AT THIS TIME. IF YOU NEED SUPPORT WITH THE ENABLED SERVICES ON YOUR ACCOUNT, PLEASE REACH OUT TO COINBASE SUPPORT KIND REGARDS, THE COINBASE TEAM",MONEY TRANSFER OR SERVICE
15173,"MY XXXX XXXX PROPERTY TAX IS IN OVERDUE STATUS, AND THEY WILL NOT GIVE ME ANY DIRECT ANSWERS AS TO WHY THEY CAN'T PAY IT ( MY ESCROW BALANCE HAS MORE THAN SUFFICIENT FUNDS ), OR EVEN IF THEY EVEN PLAN TO PAY IT. ATTEMPTED TO CONTACT COMPANY : EMAILED XXXX - REQUEST ( # XXXX ) EMAILED XXXX - REQUEST ( # XXXX ) EMAILED XXXX - REQUEST ( # XXXX ) AND CALLED SUPPORT LINE ON XXXX OF XXXX. REQUEST # XXXX THE CASE NUMBER THE REPRESENTATIVE GAVE ME THAT SUPPOSEDLY COVERS THE WHOLE THING IS XXXX.",MORTGAGE
15174,"AM WRITING TO FILE A FORMAL COMPLAINT REGARDING THE MISHANDLING OF MY VA LOAN MODIFICATION PROCESS UNDER THE XXXX XXXX XXXX XXXX XXXX XXXX PROGRAM BY MY MORTGAGE SERVICER ON XX/XX/YEAR>, I RECEIVED AN OFFER UNDER THE XXXX PROGRAM, WITH A CLEARLY STATED RESPONSE DEADLINE OF XX/XX/YEAR>. I DID NOT RECEIVE THIS LETTER UNTIL THE FOLLOWING WEEK DUE TO STANDARD MAIL DELAYS, AND I PROMPTLY RESPONDED WITH MY ACCEPTANCE ON XX/XX/YEAR>, WELL BEFORE THE STATED DEADLINE. 

HOWEVER, I WAS LATER TOLD BY MY LOAN SERVICER THAT THE VA STOPPED ACCEPTING NEW XXXX APPLICATIONS ON XX/XX/YEAR>, AND THAT I NO LONGER QUALIFIED. I WAS NEVER INFORMED OF THIS EARLIER CUTOFF DATE, AND THE ORIGINAL OFFER I RECEIVED STILL LISTED XX/XX/XXXX AS THE VALID DEADLINE. 

TO MAKE MATTERS WORSE, I HAVE NOW BEEN OFFERED A TRADITIONAL LOAN MODIFICATION WITH A 7.25 % INTEREST RATE, WHICH RESULTS IN A PAYMENT OF NEARLY {$2500.00} PER MONTH A DRASTIC AND UNAFFORDABLE INCREASE FROM MY CURRENT 2.625 % RATE. 

ACCORDING TO XXXX XXXX XXXXXXXX, ISSUED ON XX/XX/YEAR>, SERVICERS WERE INSTRUCTED TO STOP NEW XXXX SUBMISSIONS AS OF XX/XX/YEAR>, NOT XX/XX/XXXX. THIS MEANS MY SERVICER APPEARS TO HAVE MISREPRESENTED THE PROGRAM 'S TIMELINE AND DENIED ME ACCESS TO A CRITICAL PROGRAM I WAS ACTIVELY PURSUING. 

I AM ASKING FOR THE VAS ASSISTANCE IN REVIEWING THIS MATTER. I AM SEEKING TO BE RECONSIDERED FOR THE XXXX PROGRAM OR AN EQUIVALENT OPTION WITH AFFORDABLE TERMS. I ACTED IN GOOD FAITH, RESPONDED ON TIME ACCORDING TO THE DOCUMENTATION PROVIDED, AND WAS NOT NOTIFIED OF ANY CHANGE IN ELIGIBILITY OR DEADLINES UNTIL IT WAS TOO LATE. 

PLEASE ADVISE ME ON HOW TO PROCEED AND WHETHER A FORMAL REVIEW CAN BE INITIATED. I AM ALSO HAPPY TO PROVIDE DOCUMENTATION OF THE ORIGINAL XXXX OFFER AND MY WRITTEN RESPONSE. 

THANK YOU FOR YOUR TIME AND ATTENTION TO THIS MATTER.",MORTGAGE
